"DateKey";"Date";"Annee";"Trimestre";"MoisNum";"MoisLbl";"JourNum";"JourSemLbl";"NumSem"
"20240101";"01-01-2024";"2024";"T1";"1";"janvier";"1";"lundi";"1"
"20240102";"02-01-2024";"2024";"T1";"1";"janvier";"2";"mardi";"1"
"20240103";"03-01-2024";"2024";"T1";"1";"janvier";"3";"mercredi";"1"
"20240104";"04-01-2024";"2024";"T1";"1";"janvier";"4";"jeudi";"1"
"20240105";"05-01-2024";"2024";"T1";"1";"janvier";"5";"vendredi";"1"
"20240106";"06-01-2024";"2024";"T1";"1";"janvier";"6";"samedi";"1"
"20240107";"07-01-2024";"2024";"T1";"1";"janvier";"7";"dimanche";"1"
"20240108";"08-01-2024";"2024";"T1";"1";"janvier";"8";"lundi";"2"
"20240109";"09-01-2024";"2024";"T1";"1";"janvier";"9";"mardi";"2"
"20240110";"10-01-2024";"2024";"T1";"1";"janvier";"10";"mercredi";"2"
"20240111";"11-01-2024";"2024";"T1";"1";"janvier";"11";"jeudi";"2"
"20240112";"12-01-2024";"2024";"T1";"1";"janvier";"12";"vendredi";"2"
"20240113";"13-01-2024";"2024";"T1";"1";"janvier";"13";"samedi";"2"
"20240114";"14-01-2024";"2024";"T1";"1";"janvier";"14";"dimanche";"2"
"20240115";"15-01-2024";"2024";"T1";"1";"janvier";"15";"lundi";"3"
"20240116";"16-01-2024";"2024";"T1";"1";"janvier";"16";"mardi";"3"
"20240117";"17-01-2024";"2024";"T1";"1";"janvier";"17";"mercredi";"3"
"20240118";"18-01-2024";"2024";"T1";"1";"janvier";"18";"jeudi";"3"
"20240119";"19-01-2024";"2024";"T1";"1";"janvier";"19";"vendredi";"3"
"20240120";"20-01-2024";"2024";"T1";"1";"janvier";"20";"samedi";"3"
"20240121";"21-01-2024";"2024";"T1";"1";"janvier";"21";"dimanche";"3"
"20240122";"22-01-2024";"2024";"T1";"1";"janvier";"22";"lundi";"4"
"20240123";"23-01-2024";"2024";"T1";"1";"janvier";"23";"mardi";"4"
"20240124";"24-01-2024";"2024";"T1";"1";"janvier";"24";"mercredi";"4"
"20240125";"25-01-2024";"2024";"T1";"1";"janvier";"25";"jeudi";"4"
"20240126";"26-01-2024";"2024";"T1";"1";"janvier";"26";"vendredi";"4"
"20240127";"27-01-2024";"2024";"T1";"1";"janvier";"27";"samedi";"4"
"20240128";"28-01-2024";"2024";"T1";"1";"janvier";"28";"dimanche";"4"
"20240129";"29-01-2024";"2024";"T1";"1";"janvier";"29";"lundi";"5"
"20240130";"30-01-2024";"2024";"T1";"1";"janvier";"30";"mardi";"5"
"20240131";"31-01-2024";"2024";"T1";"1";"janvier";"31";"mercredi";"5"
"20240201";"01-02-2024";"2024";"T1";"2";"février";"1";"jeudi";"5"
"20240202";"02-02-2024";"2024";"T1";"2";"février";"2";"vendredi";"5"
"20240203";"03-02-2024";"2024";"T1";"2";"février";"3";"samedi";"5"
"20240204";"04-02-2024";"2024";"T1";"2";"février";"4";"dimanche";"5"
"20240205";"05-02-2024";"2024";"T1";"2";"février";"5";"lundi";"6"
"20240206";"06-02-2024";"2024";"T1";"2";"février";"6";"mardi";"6"
"20240207";"07-02-2024";"2024";"T1";"2";"février";"7";"mercredi";"6"
"20240208";"08-02-2024";"2024";"T1";"2";"février";"8";"jeudi";"6"
"20240209";"09-02-2024";"2024";"T1";"2";"février";"9";"vendredi";"6"
"20240210";"10-02-2024";"2024";"T1";"2";"février";"10";"samedi";"6"
"20240211";"11-02-2024";"2024";"T1";"2";"février";"11";"dimanche";"6"
"20240212";"12-02-2024";"2024";"T1";"2";"février";"12";"lundi";"7"
"20240213";"13-02-2024";"2024";"T1";"2";"février";"13";"mardi";"7"
"20240214";"14-02-2024";"2024";"T1";"2";"février";"14";"mercredi";"7"
"20240215";"15-02-2024";"2024";"T1";"2";"février";"15";"jeudi";"7"
"20240216";"16-02-2024";"2024";"T1";"2";"février";"16";"vendredi";"7"
"20240217";"17-02-2024";"2024";"T1";"2";"février";"17";"samedi";"7"
"20240218";"18-02-2024";"2024";"T1";"2";"février";"18";"dimanche";"7"
"20240219";"19-02-2024";"2024";"T1";"2";"février";"19";"lundi";"8"
"20240220";"20-02-2024";"2024";"T1";"2";"février";"20";"mardi";"8"
"20240221";"21-02-2024";"2024";"T1";"2";"février";"21";"mercredi";"8"
"20240222";"22-02-2024";"2024";"T1";"2";"février";"22";"jeudi";"8"
"20240223";"23-02-2024";"2024";"T1";"2";"février";"23";"vendredi";"8"
"20240224";"24-02-2024";"2024";"T1";"2";"février";"24";"samedi";"8"
"20240225";"25-02-2024";"2024";"T1";"2";"février";"25";"dimanche";"8"
"20240226";"26-02-2024";"2024";"T1";"2";"février";"26";"lundi";"9"
"20240227";"27-02-2024";"2024";"T1";"2";"février";"27";"mardi";"9"
"20240228";"28-02-2024";"2024";"T1";"2";"février";"28";"mercredi";"9"
"20240229";"29-02-2024";"2024";"T1";"2";"février";"29";"jeudi";"9"
"20240301";"01-03-2024";"2024";"T1";"3";"mars";"1";"vendredi";"9"
"20240302";"02-03-2024";"2024";"T1";"3";"mars";"2";"samedi";"9"
"20240303";"03-03-2024";"2024";"T1";"3";"mars";"3";"dimanche";"9"
"20240304";"04-03-2024";"2024";"T1";"3";"mars";"4";"lundi";"10"
"20240305";"05-03-2024";"2024";"T1";"3";"mars";"5";"mardi";"10"
"20240306";"06-03-2024";"2024";"T1";"3";"mars";"6";"mercredi";"10"
"20240307";"07-03-2024";"2024";"T1";"3";"mars";"7";"jeudi";"10"
"20240308";"08-03-2024";"2024";"T1";"3";"mars";"8";"vendredi";"10"
"20240309";"09-03-2024";"2024";"T1";"3";"mars";"9";"samedi";"10"
"20240310";"10-03-2024";"2024";"T1";"3";"mars";"10";"dimanche";"10"
"20240311";"11-03-2024";"2024";"T1";"3";"mars";"11";"lundi";"11"
"20240312";"12-03-2024";"2024";"T1";"3";"mars";"12";"mardi";"11"
"20240313";"13-03-2024";"2024";"T1";"3";"mars";"13";"mercredi";"11"
"20240314";"14-03-2024";"2024";"T1";"3";"mars";"14";"jeudi";"11"
"20240315";"15-03-2024";"2024";"T1";"3";"mars";"15";"vendredi";"11"
"20240316";"16-03-2024";"2024";"T1";"3";"mars";"16";"samedi";"11"
"20240317";"17-03-2024";"2024";"T1";"3";"mars";"17";"dimanche";"11"
"20240318";"18-03-2024";"2024";"T1";"3";"mars";"18";"lundi";"12"
"20240319";"19-03-2024";"2024";"T1";"3";"mars";"19";"mardi";"12"
"20240320";"20-03-2024";"2024";"T1";"3";"mars";"20";"mercredi";"12"
"20240321";"21-03-2024";"2024";"T1";"3";"mars";"21";"jeudi";"12"
"20240322";"22-03-2024";"2024";"T1";"3";"mars";"22";"vendredi";"12"
"20240323";"23-03-2024";"2024";"T1";"3";"mars";"23";"samedi";"12"
"20240324";"24-03-2024";"2024";"T1";"3";"mars";"24";"dimanche";"12"
"20240325";"25-03-2024";"2024";"T1";"3";"mars";"25";"lundi";"13"
"20240326";"26-03-2024";"2024";"T1";"3";"mars";"26";"mardi";"13"
"20240327";"27-03-2024";"2024";"T1";"3";"mars";"27";"mercredi";"13"
"20240328";"28-03-2024";"2024";"T1";"3";"mars";"28";"jeudi";"13"
"20240329";"29-03-2024";"2024";"T1";"3";"mars";"29";"vendredi";"13"
"20240330";"30-03-2024";"2024";"T1";"3";"mars";"30";"samedi";"13"
"20240331";"31-03-2024";"2024";"T1";"3";"mars";"31";"dimanche";"13"
"20240401";"01-04-2024";"2024";"T2";"4";"avril";"1";"lundi";"14"
"20240402";"02-04-2024";"2024";"T2";"4";"avril";"2";"mardi";"14"
"20240403";"03-04-2024";"2024";"T2";"4";"avril";"3";"mercredi";"14"
"20240404";"04-04-2024";"2024";"T2";"4";"avril";"4";"jeudi";"14"
"20240405";"05-04-2024";"2024";"T2";"4";"avril";"5";"vendredi";"14"
"20240406";"06-04-2024";"2024";"T2";"4";"avril";"6";"samedi";"14"
"20240407";"07-04-2024";"2024";"T2";"4";"avril";"7";"dimanche";"14"
"20240408";"08-04-2024";"2024";"T2";"4";"avril";"8";"lundi";"15"
"20240409";"09-04-2024";"2024";"T2";"4";"avril";"9";"mardi";"15"
"20240410";"10-04-2024";"2024";"T2";"4";"avril";"10";"mercredi";"15"
"20240411";"11-04-2024";"2024";"T2";"4";"avril";"11";"jeudi";"15"
"20240412";"12-04-2024";"2024";"T2";"4";"avril";"12";"vendredi";"15"
"20240413";"13-04-2024";"2024";"T2";"4";"avril";"13";"samedi";"15"
"20240414";"14-04-2024";"2024";"T2";"4";"avril";"14";"dimanche";"15"
"20240415";"15-04-2024";"2024";"T2";"4";"avril";"15";"lundi";"16"
"20240416";"16-04-2024";"2024";"T2";"4";"avril";"16";"mardi";"16"
"20240417";"17-04-2024";"2024";"T2";"4";"avril";"17";"mercredi";"16"
"20240418";"18-04-2024";"2024";"T2";"4";"avril";"18";"jeudi";"16"
"20240419";"19-04-2024";"2024";"T2";"4";"avril";"19";"vendredi";"16"
"20240420";"20-04-2024";"2024";"T2";"4";"avril";"20";"samedi";"16"
"20240421";"21-04-2024";"2024";"T2";"4";"avril";"21";"dimanche";"16"
"20240422";"22-04-2024";"2024";"T2";"4";"avril";"22";"lundi";"17"
"20240423";"23-04-2024";"2024";"T2";"4";"avril";"23";"mardi";"17"
"20240424";"24-04-2024";"2024";"T2";"4";"avril";"24";"mercredi";"17"
"20240425";"25-04-2024";"2024";"T2";"4";"avril";"25";"jeudi";"17"
"20240426";"26-04-2024";"2024";"T2";"4";"avril";"26";"vendredi";"17"
"20240427";"27-04-2024";"2024";"T2";"4";"avril";"27";"samedi";"17"
"20240428";"28-04-2024";"2024";"T2";"4";"avril";"28";"dimanche";"17"
"20240429";"29-04-2024";"2024";"T2";"4";"avril";"29";"lundi";"18"
"20240430";"30-04-2024";"2024";"T2";"4";"avril";"30";"mardi";"18"
"20240501";"01-05-2024";"2024";"T2";"5";"mai";"1";"mercredi";"18"
"20240502";"02-05-2024";"2024";"T2";"5";"mai";"2";"jeudi";"18"
"20240503";"03-05-2024";"2024";"T2";"5";"mai";"3";"vendredi";"18"
"20240504";"04-05-2024";"2024";"T2";"5";"mai";"4";"samedi";"18"
"20240505";"05-05-2024";"2024";"T2";"5";"mai";"5";"dimanche";"18"
"20240506";"06-05-2024";"2024";"T2";"5";"mai";"6";"lundi";"19"
"20240507";"07-05-2024";"2024";"T2";"5";"mai";"7";"mardi";"19"
"20240508";"08-05-2024";"2024";"T2";"5";"mai";"8";"mercredi";"19"
"20240509";"09-05-2024";"2024";"T2";"5";"mai";"9";"jeudi";"19"
"20240510";"10-05-2024";"2024";"T2";"5";"mai";"10";"vendredi";"19"
"20240511";"11-05-2024";"2024";"T2";"5";"mai";"11";"samedi";"19"
"20240512";"12-05-2024";"2024";"T2";"5";"mai";"12";"dimanche";"19"
"20240513";"13-05-2024";"2024";"T2";"5";"mai";"13";"lundi";"20"
"20240514";"14-05-2024";"2024";"T2";"5";"mai";"14";"mardi";"20"
"20240515";"15-05-2024";"2024";"T2";"5";"mai";"15";"mercredi";"20"
"20240516";"16-05-2024";"2024";"T2";"5";"mai";"16";"jeudi";"20"
"20240517";"17-05-2024";"2024";"T2";"5";"mai";"17";"vendredi";"20"
"20240518";"18-05-2024";"2024";"T2";"5";"mai";"18";"samedi";"20"
"20240519";"19-05-2024";"2024";"T2";"5";"mai";"19";"dimanche";"20"
"20240520";"20-05-2024";"2024";"T2";"5";"mai";"20";"lundi";"21"
"20240521";"21-05-2024";"2024";"T2";"5";"mai";"21";"mardi";"21"
"20240522";"22-05-2024";"2024";"T2";"5";"mai";"22";"mercredi";"21"
"20240523";"23-05-2024";"2024";"T2";"5";"mai";"23";"jeudi";"21"
"20240524";"24-05-2024";"2024";"T2";"5";"mai";"24";"vendredi";"21"
"20240525";"25-05-2024";"2024";"T2";"5";"mai";"25";"samedi";"21"
"20240526";"26-05-2024";"2024";"T2";"5";"mai";"26";"dimanche";"21"
"20240527";"27-05-2024";"2024";"T2";"5";"mai";"27";"lundi";"22"
"20240528";"28-05-2024";"2024";"T2";"5";"mai";"28";"mardi";"22"
"20240529";"29-05-2024";"2024";"T2";"5";"mai";"29";"mercredi";"22"
"20240530";"30-05-2024";"2024";"T2";"5";"mai";"30";"jeudi";"22"
"20240531";"31-05-2024";"2024";"T2";"5";"mai";"31";"vendredi";"22"
"20240601";"01-06-2024";"2024";"T2";"6";"juin";"1";"samedi";"22"
"20240602";"02-06-2024";"2024";"T2";"6";"juin";"2";"dimanche";"22"
"20240603";"03-06-2024";"2024";"T2";"6";"juin";"3";"lundi";"23"
"20240604";"04-06-2024";"2024";"T2";"6";"juin";"4";"mardi";"23"
"20240605";"05-06-2024";"2024";"T2";"6";"juin";"5";"mercredi";"23"
"20240606";"06-06-2024";"2024";"T2";"6";"juin";"6";"jeudi";"23"
"20240607";"07-06-2024";"2024";"T2";"6";"juin";"7";"vendredi";"23"
"20240608";"08-06-2024";"2024";"T2";"6";"juin";"8";"samedi";"23"
"20240609";"09-06-2024";"2024";"T2";"6";"juin";"9";"dimanche";"23"
"20240610";"10-06-2024";"2024";"T2";"6";"juin";"10";"lundi";"24"
"20240611";"11-06-2024";"2024";"T2";"6";"juin";"11";"mardi";"24"
"20240612";"12-06-2024";"2024";"T2";"6";"juin";"12";"mercredi";"24"
"20240613";"13-06-2024";"2024";"T2";"6";"juin";"13";"jeudi";"24"
"20240614";"14-06-2024";"2024";"T2";"6";"juin";"14";"vendredi";"24"
"20240615";"15-06-2024";"2024";"T2";"6";"juin";"15";"samedi";"24"
"20240616";"16-06-2024";"2024";"T2";"6";"juin";"16";"dimanche";"24"
"20240617";"17-06-2024";"2024";"T2";"6";"juin";"17";"lundi";"25"
"20240618";"18-06-2024";"2024";"T2";"6";"juin";"18";"mardi";"25"
"20240619";"19-06-2024";"2024";"T2";"6";"juin";"19";"mercredi";"25"
"20240620";"20-06-2024";"2024";"T2";"6";"juin";"20";"jeudi";"25"
"20240621";"21-06-2024";"2024";"T2";"6";"juin";"21";"vendredi";"25"
"20240622";"22-06-2024";"2024";"T2";"6";"juin";"22";"samedi";"25"
"20240623";"23-06-2024";"2024";"T2";"6";"juin";"23";"dimanche";"25"
"20240624";"24-06-2024";"2024";"T2";"6";"juin";"24";"lundi";"26"
"20240625";"25-06-2024";"2024";"T2";"6";"juin";"25";"mardi";"26"
"20240626";"26-06-2024";"2024";"T2";"6";"juin";"26";"mercredi";"26"
"20240627";"27-06-2024";"2024";"T2";"6";"juin";"27";"jeudi";"26"
"20240628";"28-06-2024";"2024";"T2";"6";"juin";"28";"vendredi";"26"
"20240629";"29-06-2024";"2024";"T2";"6";"juin";"29";"samedi";"26"
"20240630";"30-06-2024";"2024";"T2";"6";"juin";"30";"dimanche";"26"
"20240701";"01-07-2024";"2024";"T3";"7";"juillet";"1";"lundi";"27"
"20240702";"02-07-2024";"2024";"T3";"7";"juillet";"2";"mardi";"27"
"20240703";"03-07-2024";"2024";"T3";"7";"juillet";"3";"mercredi";"27"
"20240704";"04-07-2024";"2024";"T3";"7";"juillet";"4";"jeudi";"27"
"20240705";"05-07-2024";"2024";"T3";"7";"juillet";"5";"vendredi";"27"
"20240706";"06-07-2024";"2024";"T3";"7";"juillet";"6";"samedi";"27"
"20240707";"07-07-2024";"2024";"T3";"7";"juillet";"7";"dimanche";"27"
"20240708";"08-07-2024";"2024";"T3";"7";"juillet";"8";"lundi";"28"
"20240709";"09-07-2024";"2024";"T3";"7";"juillet";"9";"mardi";"28"
"20240710";"10-07-2024";"2024";"T3";"7";"juillet";"10";"mercredi";"28"
"20240711";"11-07-2024";"2024";"T3";"7";"juillet";"11";"jeudi";"28"
"20240712";"12-07-2024";"2024";"T3";"7";"juillet";"12";"vendredi";"28"
"20240713";"13-07-2024";"2024";"T3";"7";"juillet";"13";"samedi";"28"
"20240714";"14-07-2024";"2024";"T3";"7";"juillet";"14";"dimanche";"28"
"20240715";"15-07-2024";"2024";"T3";"7";"juillet";"15";"lundi";"29"
"20240716";"16-07-2024";"2024";"T3";"7";"juillet";"16";"mardi";"29"
"20240717";"17-07-2024";"2024";"T3";"7";"juillet";"17";"mercredi";"29"
"20240718";"18-07-2024";"2024";"T3";"7";"juillet";"18";"jeudi";"29"
"20240719";"19-07-2024";"2024";"T3";"7";"juillet";"19";"vendredi";"29"
"20240720";"20-07-2024";"2024";"T3";"7";"juillet";"20";"samedi";"29"
"20240721";"21-07-2024";"2024";"T3";"7";"juillet";"21";"dimanche";"29"
"20240722";"22-07-2024";"2024";"T3";"7";"juillet";"22";"lundi";"30"
"20240723";"23-07-2024";"2024";"T3";"7";"juillet";"23";"mardi";"30"
"20240724";"24-07-2024";"2024";"T3";"7";"juillet";"24";"mercredi";"30"
"20240725";"25-07-2024";"2024";"T3";"7";"juillet";"25";"jeudi";"30"
"20240726";"26-07-2024";"2024";"T3";"7";"juillet";"26";"vendredi";"30"
"20240727";"27-07-2024";"2024";"T3";"7";"juillet";"27";"samedi";"30"
"20240728";"28-07-2024";"2024";"T3";"7";"juillet";"28";"dimanche";"30"
"20240729";"29-07-2024";"2024";"T3";"7";"juillet";"29";"lundi";"31"
"20240730";"30-07-2024";"2024";"T3";"7";"juillet";"30";"mardi";"31"
"20240731";"31-07-2024";"2024";"T3";"7";"juillet";"31";"mercredi";"31"
"20240801";"01-08-2024";"2024";"T3";"8";"août";"1";"jeudi";"31"
"20240802";"02-08-2024";"2024";"T3";"8";"août";"2";"vendredi";"31"
"20240803";"03-08-2024";"2024";"T3";"8";"août";"3";"samedi";"31"
"20240804";"04-08-2024";"2024";"T3";"8";"août";"4";"dimanche";"31"
"20240805";"05-08-2024";"2024";"T3";"8";"août";"5";"lundi";"32"
"20240806";"06-08-2024";"2024";"T3";"8";"août";"6";"mardi";"32"
"20240807";"07-08-2024";"2024";"T3";"8";"août";"7";"mercredi";"32"
"20240808";"08-08-2024";"2024";"T3";"8";"août";"8";"jeudi";"32"
"20240809";"09-08-2024";"2024";"T3";"8";"août";"9";"vendredi";"32"
"20240810";"10-08-2024";"2024";"T3";"8";"août";"10";"samedi";"32"
"20240811";"11-08-2024";"2024";"T3";"8";"août";"11";"dimanche";"32"
"20240812";"12-08-2024";"2024";"T3";"8";"août";"12";"lundi";"33"
"20240813";"13-08-2024";"2024";"T3";"8";"août";"13";"mardi";"33"
"20240814";"14-08-2024";"2024";"T3";"8";"août";"14";"mercredi";"33"
"20240815";"15-08-2024";"2024";"T3";"8";"août";"15";"jeudi";"33"
"20240816";"16-08-2024";"2024";"T3";"8";"août";"16";"vendredi";"33"
"20240817";"17-08-2024";"2024";"T3";"8";"août";"17";"samedi";"33"
"20240818";"18-08-2024";"2024";"T3";"8";"août";"18";"dimanche";"33"
"20240819";"19-08-2024";"2024";"T3";"8";"août";"19";"lundi";"34"
"20240820";"20-08-2024";"2024";"T3";"8";"août";"20";"mardi";"34"
"20240821";"21-08-2024";"2024";"T3";"8";"août";"21";"mercredi";"34"
"20240822";"22-08-2024";"2024";"T3";"8";"août";"22";"jeudi";"34"
"20240823";"23-08-2024";"2024";"T3";"8";"août";"23";"vendredi";"34"
"20240824";"24-08-2024";"2024";"T3";"8";"août";"24";"samedi";"34"
"20240825";"25-08-2024";"2024";"T3";"8";"août";"25";"dimanche";"34"
"20240826";"26-08-2024";"2024";"T3";"8";"août";"26";"lundi";"35"
"20240827";"27-08-2024";"2024";"T3";"8";"août";"27";"mardi";"35"
"20240828";"28-08-2024";"2024";"T3";"8";"août";"28";"mercredi";"35"
"20240829";"29-08-2024";"2024";"T3";"8";"août";"29";"jeudi";"35"
"20240830";"30-08-2024";"2024";"T3";"8";"août";"30";"vendredi";"35"
"20240831";"31-08-2024";"2024";"T3";"8";"août";"31";"samedi";"35"
"20240901";"01-09-2024";"2024";"T3";"9";"septembre";"1";"dimanche";"35"
"20240902";"02-09-2024";"2024";"T3";"9";"septembre";"2";"lundi";"36"
"20240903";"03-09-2024";"2024";"T3";"9";"septembre";"3";"mardi";"36"
"20240904";"04-09-2024";"2024";"T3";"9";"septembre";"4";"mercredi";"36"
"20240905";"05-09-2024";"2024";"T3";"9";"septembre";"5";"jeudi";"36"
"20240906";"06-09-2024";"2024";"T3";"9";"septembre";"6";"vendredi";"36"
"20240907";"07-09-2024";"2024";"T3";"9";"septembre";"7";"samedi";"36"
"20240908";"08-09-2024";"2024";"T3";"9";"septembre";"8";"dimanche";"36"
"20240909";"09-09-2024";"2024";"T3";"9";"septembre";"9";"lundi";"37"
"20240910";"10-09-2024";"2024";"T3";"9";"septembre";"10";"mardi";"37"
"20240911";"11-09-2024";"2024";"T3";"9";"septembre";"11";"mercredi";"37"
"20240912";"12-09-2024";"2024";"T3";"9";"septembre";"12";"jeudi";"37"
"20240913";"13-09-2024";"2024";"T3";"9";"septembre";"13";"vendredi";"37"
"20240914";"14-09-2024";"2024";"T3";"9";"septembre";"14";"samedi";"37"
"20240915";"15-09-2024";"2024";"T3";"9";"septembre";"15";"dimanche";"37"
"20240916";"16-09-2024";"2024";"T3";"9";"septembre";"16";"lundi";"38"
"20240917";"17-09-2024";"2024";"T3";"9";"septembre";"17";"mardi";"38"
"20240918";"18-09-2024";"2024";"T3";"9";"septembre";"18";"mercredi";"38"
"20240919";"19-09-2024";"2024";"T3";"9";"septembre";"19";"jeudi";"38"
"20240920";"20-09-2024";"2024";"T3";"9";"septembre";"20";"vendredi";"38"
"20240921";"21-09-2024";"2024";"T3";"9";"septembre";"21";"samedi";"38"
"20240922";"22-09-2024";"2024";"T3";"9";"septembre";"22";"dimanche";"38"
"20240923";"23-09-2024";"2024";"T3";"9";"septembre";"23";"lundi";"39"
"20240924";"24-09-2024";"2024";"T3";"9";"septembre";"24";"mardi";"39"
"20240925";"25-09-2024";"2024";"T3";"9";"septembre";"25";"mercredi";"39"
"20240926";"26-09-2024";"2024";"T3";"9";"septembre";"26";"jeudi";"39"
"20240927";"27-09-2024";"2024";"T3";"9";"septembre";"27";"vendredi";"39"
"20240928";"28-09-2024";"2024";"T3";"9";"septembre";"28";"samedi";"39"
"20240929";"29-09-2024";"2024";"T3";"9";"septembre";"29";"dimanche";"39"
"20240930";"30-09-2024";"2024";"T3";"9";"septembre";"30";"lundi";"40"
"20241001";"01-10-2024";"2024";"T4";"10";"octobre";"1";"mardi";"40"
"20241002";"02-10-2024";"2024";"T4";"10";"octobre";"2";"mercredi";"40"
"20241003";"03-10-2024";"2024";"T4";"10";"octobre";"3";"jeudi";"40"
"20241004";"04-10-2024";"2024";"T4";"10";"octobre";"4";"vendredi";"40"
"20241005";"05-10-2024";"2024";"T4";"10";"octobre";"5";"samedi";"40"
"20241006";"06-10-2024";"2024";"T4";"10";"octobre";"6";"dimanche";"40"
"20241007";"07-10-2024";"2024";"T4";"10";"octobre";"7";"lundi";"41"
"20241008";"08-10-2024";"2024";"T4";"10";"octobre";"8";"mardi";"41"
"20241009";"09-10-2024";"2024";"T4";"10";"octobre";"9";"mercredi";"41"
"20241010";"10-10-2024";"2024";"T4";"10";"octobre";"10";"jeudi";"41"
"20241011";"11-10-2024";"2024";"T4";"10";"octobre";"11";"vendredi";"41"
"20241012";"12-10-2024";"2024";"T4";"10";"octobre";"12";"samedi";"41"
"20241013";"13-10-2024";"2024";"T4";"10";"octobre";"13";"dimanche";"41"
"20241014";"14-10-2024";"2024";"T4";"10";"octobre";"14";"lundi";"42"
"20241015";"15-10-2024";"2024";"T4";"10";"octobre";"15";"mardi";"42"
"20241016";"16-10-2024";"2024";"T4";"10";"octobre";"16";"mercredi";"42"
"20241017";"17-10-2024";"2024";"T4";"10";"octobre";"17";"jeudi";"42"
"20241018";"18-10-2024";"2024";"T4";"10";"octobre";"18";"vendredi";"42"
"20241019";"19-10-2024";"2024";"T4";"10";"octobre";"19";"samedi";"42"
"20241020";"20-10-2024";"2024";"T4";"10";"octobre";"20";"dimanche";"42"
"20241021";"21-10-2024";"2024";"T4";"10";"octobre";"21";"lundi";"43"
"20241022";"22-10-2024";"2024";"T4";"10";"octobre";"22";"mardi";"43"
"20241023";"23-10-2024";"2024";"T4";"10";"octobre";"23";"mercredi";"43"
"20241024";"24-10-2024";"2024";"T4";"10";"octobre";"24";"jeudi";"43"
"20241025";"25-10-2024";"2024";"T4";"10";"octobre";"25";"vendredi";"43"
"20241026";"26-10-2024";"2024";"T4";"10";"octobre";"26";"samedi";"43"
"20241027";"27-10-2024";"2024";"T4";"10";"octobre";"27";"dimanche";"43"
"20241028";"28-10-2024";"2024";"T4";"10";"octobre";"28";"lundi";"44"
"20241029";"29-10-2024";"2024";"T4";"10";"octobre";"29";"mardi";"44"
"20241030";"30-10-2024";"2024";"T4";"10";"octobre";"30";"mercredi";"44"
"20241031";"31-10-2024";"2024";"T4";"10";"octobre";"31";"jeudi";"44"
"20241101";"01-11-2024";"2024";"T4";"11";"novembre";"1";"vendredi";"44"
"20241102";"02-11-2024";"2024";"T4";"11";"novembre";"2";"samedi";"44"
"20241103";"03-11-2024";"2024";"T4";"11";"novembre";"3";"dimanche";"44"
"20241104";"04-11-2024";"2024";"T4";"11";"novembre";"4";"lundi";"45"
"20241105";"05-11-2024";"2024";"T4";"11";"novembre";"5";"mardi";"45"
"20241106";"06-11-2024";"2024";"T4";"11";"novembre";"6";"mercredi";"45"
"20241107";"07-11-2024";"2024";"T4";"11";"novembre";"7";"jeudi";"45"
"20241108";"08-11-2024";"2024";"T4";"11";"novembre";"8";"vendredi";"45"
"20241109";"09-11-2024";"2024";"T4";"11";"novembre";"9";"samedi";"45"
"20241110";"10-11-2024";"2024";"T4";"11";"novembre";"10";"dimanche";"45"
"20241111";"11-11-2024";"2024";"T4";"11";"novembre";"11";"lundi";"46"
"20241112";"12-11-2024";"2024";"T4";"11";"novembre";"12";"mardi";"46"
"20241113";"13-11-2024";"2024";"T4";"11";"novembre";"13";"mercredi";"46"
"20241114";"14-11-2024";"2024";"T4";"11";"novembre";"14";"jeudi";"46"
"20241115";"15-11-2024";"2024";"T4";"11";"novembre";"15";"vendredi";"46"
"20241116";"16-11-2024";"2024";"T4";"11";"novembre";"16";"samedi";"46"
"20241117";"17-11-2024";"2024";"T4";"11";"novembre";"17";"dimanche";"46"
"20241118";"18-11-2024";"2024";"T4";"11";"novembre";"18";"lundi";"47"
"20241119";"19-11-2024";"2024";"T4";"11";"novembre";"19";"mardi";"47"
"20241120";"20-11-2024";"2024";"T4";"11";"novembre";"20";"mercredi";"47"
"20241121";"21-11-2024";"2024";"T4";"11";"novembre";"21";"jeudi";"47"
"20241122";"22-11-2024";"2024";"T4";"11";"novembre";"22";"vendredi";"47"
"20241123";"23-11-2024";"2024";"T4";"11";"novembre";"23";"samedi";"47"
"20241124";"24-11-2024";"2024";"T4";"11";"novembre";"24";"dimanche";"47"
"20241125";"25-11-2024";"2024";"T4";"11";"novembre";"25";"lundi";"48"
"20241126";"26-11-2024";"2024";"T4";"11";"novembre";"26";"mardi";"48"
"20241127";"27-11-2024";"2024";"T4";"11";"novembre";"27";"mercredi";"48"
"20241128";"28-11-2024";"2024";"T4";"11";"novembre";"28";"jeudi";"48"
"20241129";"29-11-2024";"2024";"T4";"11";"novembre";"29";"vendredi";"48"
"20241130";"30-11-2024";"2024";"T4";"11";"novembre";"30";"samedi";"48"
"20241201";"01-12-2024";"2024";"T4";"12";"décembre";"1";"dimanche";"48"
"20241202";"02-12-2024";"2024";"T4";"12";"décembre";"2";"lundi";"49"
"20241203";"03-12-2024";"2024";"T4";"12";"décembre";"3";"mardi";"49"
"20241204";"04-12-2024";"2024";"T4";"12";"décembre";"4";"mercredi";"49"
"20241205";"05-12-2024";"2024";"T4";"12";"décembre";"5";"jeudi";"49"
"20241206";"06-12-2024";"2024";"T4";"12";"décembre";"6";"vendredi";"49"
"20241207";"07-12-2024";"2024";"T4";"12";"décembre";"7";"samedi";"49"
"20241208";"08-12-2024";"2024";"T4";"12";"décembre";"8";"dimanche";"49"
"20241209";"09-12-2024";"2024";"T4";"12";"décembre";"9";"lundi";"50"
"20241210";"10-12-2024";"2024";"T4";"12";"décembre";"10";"mardi";"50"
"20241211";"11-12-2024";"2024";"T4";"12";"décembre";"11";"mercredi";"50"
"20241212";"12-12-2024";"2024";"T4";"12";"décembre";"12";"jeudi";"50"
"20241213";"13-12-2024";"2024";"T4";"12";"décembre";"13";"vendredi";"50"
"20241214";"14-12-2024";"2024";"T4";"12";"décembre";"14";"samedi";"50"
"20241215";"15-12-2024";"2024";"T4";"12";"décembre";"15";"dimanche";"50"
"20241216";"16-12-2024";"2024";"T4";"12";"décembre";"16";"lundi";"51"
"20241217";"17-12-2024";"2024";"T4";"12";"décembre";"17";"mardi";"51"
"20241218";"18-12-2024";"2024";"T4";"12";"décembre";"18";"mercredi";"51"
"20241219";"19-12-2024";"2024";"T4";"12";"décembre";"19";"jeudi";"51"
"20241220";"20-12-2024";"2024";"T4";"12";"décembre";"20";"vendredi";"51"
"20241221";"21-12-2024";"2024";"T4";"12";"décembre";"21";"samedi";"51"
"20241222";"22-12-2024";"2024";"T4";"12";"décembre";"22";"dimanche";"51"
"20241223";"23-12-2024";"2024";"T4";"12";"décembre";"23";"lundi";"52"
"20241224";"24-12-2024";"2024";"T4";"12";"décembre";"24";"mardi";"52"
"20241225";"25-12-2024";"2024";"T4";"12";"décembre";"25";"mercredi";"52"
"20241226";"26-12-2024";"2024";"T4";"12";"décembre";"26";"jeudi";"52"
"20241227";"27-12-2024";"2024";"T4";"12";"décembre";"27";"vendredi";"52"
"20241228";"28-12-2024";"2024";"T4";"12";"décembre";"28";"samedi";"52"
"20241229";"29-12-2024";"2024";"T4";"12";"décembre";"29";"dimanche";"52"
"20241230";"30-12-2024";"2024";"T4";"12";"décembre";"30";"lundi";"53"
"20241231";"31-12-2024";"2024";"T4";"12";"décembre";"31";"mardi";"53"
"20250101";"01-01-2025";"2025";"T1";"1";"janvier";"1";"mercredi";"1"
"20250102";"02-01-2025";"2025";"T1";"1";"janvier";"2";"jeudi";"1"
"20250103";"03-01-2025";"2025";"T1";"1";"janvier";"3";"vendredi";"1"
"20250104";"04-01-2025";"2025";"T1";"1";"janvier";"4";"samedi";"1"
"20250105";"05-01-2025";"2025";"T1";"1";"janvier";"5";"dimanche";"1"
"20250106";"06-01-2025";"2025";"T1";"1";"janvier";"6";"lundi";"2"
"20250107";"07-01-2025";"2025";"T1";"1";"janvier";"7";"mardi";"2"
"20250108";"08-01-2025";"2025";"T1";"1";"janvier";"8";"mercredi";"2"
"20250109";"09-01-2025";"2025";"T1";"1";"janvier";"9";"jeudi";"2"
"20250110";"10-01-2025";"2025";"T1";"1";"janvier";"10";"vendredi";"2"
"20250111";"11-01-2025";"2025";"T1";"1";"janvier";"11";"samedi";"2"
"20250112";"12-01-2025";"2025";"T1";"1";"janvier";"12";"dimanche";"2"
"20250113";"13-01-2025";"2025";"T1";"1";"janvier";"13";"lundi";"3"
"20250114";"14-01-2025";"2025";"T1";"1";"janvier";"14";"mardi";"3"
"20250115";"15-01-2025";"2025";"T1";"1";"janvier";"15";"mercredi";"3"
"20250116";"16-01-2025";"2025";"T1";"1";"janvier";"16";"jeudi";"3"
"20250117";"17-01-2025";"2025";"T1";"1";"janvier";"17";"vendredi";"3"
"20250118";"18-01-2025";"2025";"T1";"1";"janvier";"18";"samedi";"3"
"20250119";"19-01-2025";"2025";"T1";"1";"janvier";"19";"dimanche";"3"
"20250120";"20-01-2025";"2025";"T1";"1";"janvier";"20";"lundi";"4"
"20250121";"21-01-2025";"2025";"T1";"1";"janvier";"21";"mardi";"4"
"20250122";"22-01-2025";"2025";"T1";"1";"janvier";"22";"mercredi";"4"
"20250123";"23-01-2025";"2025";"T1";"1";"janvier";"23";"jeudi";"4"
"20250124";"24-01-2025";"2025";"T1";"1";"janvier";"24";"vendredi";"4"
"20250125";"25-01-2025";"2025";"T1";"1";"janvier";"25";"samedi";"4"
"20250126";"26-01-2025";"2025";"T1";"1";"janvier";"26";"dimanche";"4"
"20250127";"27-01-2025";"2025";"T1";"1";"janvier";"27";"lundi";"5"
"20250128";"28-01-2025";"2025";"T1";"1";"janvier";"28";"mardi";"5"
"20250129";"29-01-2025";"2025";"T1";"1";"janvier";"29";"mercredi";"5"
"20250130";"30-01-2025";"2025";"T1";"1";"janvier";"30";"jeudi";"5"
"20250131";"31-01-2025";"2025";"T1";"1";"janvier";"31";"vendredi";"5"
"20250201";"01-02-2025";"2025";"T1";"2";"février";"1";"samedi";"5"
"20250202";"02-02-2025";"2025";"T1";"2";"février";"2";"dimanche";"5"
"20250203";"03-02-2025";"2025";"T1";"2";"février";"3";"lundi";"6"
"20250204";"04-02-2025";"2025";"T1";"2";"février";"4";"mardi";"6"
"20250205";"05-02-2025";"2025";"T1";"2";"février";"5";"mercredi";"6"
"20250206";"06-02-2025";"2025";"T1";"2";"février";"6";"jeudi";"6"
"20250207";"07-02-2025";"2025";"T1";"2";"février";"7";"vendredi";"6"
"20250208";"08-02-2025";"2025";"T1";"2";"février";"8";"samedi";"6"
"20250209";"09-02-2025";"2025";"T1";"2";"février";"9";"dimanche";"6"
"20250210";"10-02-2025";"2025";"T1";"2";"février";"10";"lundi";"7"
"20250211";"11-02-2025";"2025";"T1";"2";"février";"11";"mardi";"7"
"20250212";"12-02-2025";"2025";"T1";"2";"février";"12";"mercredi";"7"
"20250213";"13-02-2025";"2025";"T1";"2";"février";"13";"jeudi";"7"
"20250214";"14-02-2025";"2025";"T1";"2";"février";"14";"vendredi";"7"
"20250215";"15-02-2025";"2025";"T1";"2";"février";"15";"samedi";"7"
"20250216";"16-02-2025";"2025";"T1";"2";"février";"16";"dimanche";"7"
"20250217";"17-02-2025";"2025";"T1";"2";"février";"17";"lundi";"8"
"20250218";"18-02-2025";"2025";"T1";"2";"février";"18";"mardi";"8"
"20250219";"19-02-2025";"2025";"T1";"2";"février";"19";"mercredi";"8"
"20250220";"20-02-2025";"2025";"T1";"2";"février";"20";"jeudi";"8"
"20250221";"21-02-2025";"2025";"T1";"2";"février";"21";"vendredi";"8"
"20250222";"22-02-2025";"2025";"T1";"2";"février";"22";"samedi";"8"
"20250223";"23-02-2025";"2025";"T1";"2";"février";"23";"dimanche";"8"
"20250224";"24-02-2025";"2025";"T1";"2";"février";"24";"lundi";"9"
"20250225";"25-02-2025";"2025";"T1";"2";"février";"25";"mardi";"9"
"20250226";"26-02-2025";"2025";"T1";"2";"février";"26";"mercredi";"9"
"20250227";"27-02-2025";"2025";"T1";"2";"février";"27";"jeudi";"9"
"20250228";"28-02-2025";"2025";"T1";"2";"février";"28";"vendredi";"9"
"20250301";"01-03-2025";"2025";"T1";"3";"mars";"1";"samedi";"9"
"20250302";"02-03-2025";"2025";"T1";"3";"mars";"2";"dimanche";"9"
"20250303";"03-03-2025";"2025";"T1";"3";"mars";"3";"lundi";"10"
"20250304";"04-03-2025";"2025";"T1";"3";"mars";"4";"mardi";"10"
"20250305";"05-03-2025";"2025";"T1";"3";"mars";"5";"mercredi";"10"
"20250306";"06-03-2025";"2025";"T1";"3";"mars";"6";"jeudi";"10"
"20250307";"07-03-2025";"2025";"T1";"3";"mars";"7";"vendredi";"10"
"20250308";"08-03-2025";"2025";"T1";"3";"mars";"8";"samedi";"10"
"20250309";"09-03-2025";"2025";"T1";"3";"mars";"9";"dimanche";"10"
"20250310";"10-03-2025";"2025";"T1";"3";"mars";"10";"lundi";"11"
"20250311";"11-03-2025";"2025";"T1";"3";"mars";"11";"mardi";"11"
"20250312";"12-03-2025";"2025";"T1";"3";"mars";"12";"mercredi";"11"
"20250313";"13-03-2025";"2025";"T1";"3";"mars";"13";"jeudi";"11"
"20250314";"14-03-2025";"2025";"T1";"3";"mars";"14";"vendredi";"11"
"20250315";"15-03-2025";"2025";"T1";"3";"mars";"15";"samedi";"11"
"20250316";"16-03-2025";"2025";"T1";"3";"mars";"16";"dimanche";"11"
"20250317";"17-03-2025";"2025";"T1";"3";"mars";"17";"lundi";"12"
"20250318";"18-03-2025";"2025";"T1";"3";"mars";"18";"mardi";"12"
"20250319";"19-03-2025";"2025";"T1";"3";"mars";"19";"mercredi";"12"
"20250320";"20-03-2025";"2025";"T1";"3";"mars";"20";"jeudi";"12"
"20250321";"21-03-2025";"2025";"T1";"3";"mars";"21";"vendredi";"12"
"20250322";"22-03-2025";"2025";"T1";"3";"mars";"22";"samedi";"12"
"20250323";"23-03-2025";"2025";"T1";"3";"mars";"23";"dimanche";"12"
"20250324";"24-03-2025";"2025";"T1";"3";"mars";"24";"lundi";"13"
"20250325";"25-03-2025";"2025";"T1";"3";"mars";"25";"mardi";"13"
"20250326";"26-03-2025";"2025";"T1";"3";"mars";"26";"mercredi";"13"
"20250327";"27-03-2025";"2025";"T1";"3";"mars";"27";"jeudi";"13"
"20250328";"28-03-2025";"2025";"T1";"3";"mars";"28";"vendredi";"13"
"20250329";"29-03-2025";"2025";"T1";"3";"mars";"29";"samedi";"13"
"20250330";"30-03-2025";"2025";"T1";"3";"mars";"30";"dimanche";"13"
"20250331";"31-03-2025";"2025";"T1";"3";"mars";"31";"lundi";"14"
"20250401";"01-04-2025";"2025";"T2";"4";"avril";"1";"mardi";"14"
"20250402";"02-04-2025";"2025";"T2";"4";"avril";"2";"mercredi";"14"
"20250403";"03-04-2025";"2025";"T2";"4";"avril";"3";"jeudi";"14"
"20250404";"04-04-2025";"2025";"T2";"4";"avril";"4";"vendredi";"14"
"20250405";"05-04-2025";"2025";"T2";"4";"avril";"5";"samedi";"14"
"20250406";"06-04-2025";"2025";"T2";"4";"avril";"6";"dimanche";"14"
"20250407";"07-04-2025";"2025";"T2";"4";"avril";"7";"lundi";"15"
"20250408";"08-04-2025";"2025";"T2";"4";"avril";"8";"mardi";"15"
"20250409";"09-04-2025";"2025";"T2";"4";"avril";"9";"mercredi";"15"
"20250410";"10-04-2025";"2025";"T2";"4";"avril";"10";"jeudi";"15"
"20250411";"11-04-2025";"2025";"T2";"4";"avril";"11";"vendredi";"15"
"20250412";"12-04-2025";"2025";"T2";"4";"avril";"12";"samedi";"15"
"20250413";"13-04-2025";"2025";"T2";"4";"avril";"13";"dimanche";"15"
"20250414";"14-04-2025";"2025";"T2";"4";"avril";"14";"lundi";"16"
"20250415";"15-04-2025";"2025";"T2";"4";"avril";"15";"mardi";"16"
"20250416";"16-04-2025";"2025";"T2";"4";"avril";"16";"mercredi";"16"
"20250417";"17-04-2025";"2025";"T2";"4";"avril";"17";"jeudi";"16"
"20250418";"18-04-2025";"2025";"T2";"4";"avril";"18";"vendredi";"16"
"20250419";"19-04-2025";"2025";"T2";"4";"avril";"19";"samedi";"16"
"20250420";"20-04-2025";"2025";"T2";"4";"avril";"20";"dimanche";"16"
"20250421";"21-04-2025";"2025";"T2";"4";"avril";"21";"lundi";"17"
"20250422";"22-04-2025";"2025";"T2";"4";"avril";"22";"mardi";"17"
"20250423";"23-04-2025";"2025";"T2";"4";"avril";"23";"mercredi";"17"
"20250424";"24-04-2025";"2025";"T2";"4";"avril";"24";"jeudi";"17"
"20250425";"25-04-2025";"2025";"T2";"4";"avril";"25";"vendredi";"17"
"20250426";"26-04-2025";"2025";"T2";"4";"avril";"26";"samedi";"17"
"20250427";"27-04-2025";"2025";"T2";"4";"avril";"27";"dimanche";"17"
"20250428";"28-04-2025";"2025";"T2";"4";"avril";"28";"lundi";"18"
"20250429";"29-04-2025";"2025";"T2";"4";"avril";"29";"mardi";"18"
"20250430";"30-04-2025";"2025";"T2";"4";"avril";"30";"mercredi";"18"
"20250501";"01-05-2025";"2025";"T2";"5";"mai";"1";"jeudi";"18"
"20250502";"02-05-2025";"2025";"T2";"5";"mai";"2";"vendredi";"18"
"20250503";"03-05-2025";"2025";"T2";"5";"mai";"3";"samedi";"18"
"20250504";"04-05-2025";"2025";"T2";"5";"mai";"4";"dimanche";"18"
"20250505";"05-05-2025";"2025";"T2";"5";"mai";"5";"lundi";"19"
"20250506";"06-05-2025";"2025";"T2";"5";"mai";"6";"mardi";"19"
"20250507";"07-05-2025";"2025";"T2";"5";"mai";"7";"mercredi";"19"
"20250508";"08-05-2025";"2025";"T2";"5";"mai";"8";"jeudi";"19"
"20250509";"09-05-2025";"2025";"T2";"5";"mai";"9";"vendredi";"19"
"20250510";"10-05-2025";"2025";"T2";"5";"mai";"10";"samedi";"19"
"20250511";"11-05-2025";"2025";"T2";"5";"mai";"11";"dimanche";"19"
"20250512";"12-05-2025";"2025";"T2";"5";"mai";"12";"lundi";"20"
"20250513";"13-05-2025";"2025";"T2";"5";"mai";"13";"mardi";"20"
"20250514";"14-05-2025";"2025";"T2";"5";"mai";"14";"mercredi";"20"
"20250515";"15-05-2025";"2025";"T2";"5";"mai";"15";"jeudi";"20"
"20250516";"16-05-2025";"2025";"T2";"5";"mai";"16";"vendredi";"20"
"20250517";"17-05-2025";"2025";"T2";"5";"mai";"17";"samedi";"20"
"20250518";"18-05-2025";"2025";"T2";"5";"mai";"18";"dimanche";"20"
"20250519";"19-05-2025";"2025";"T2";"5";"mai";"19";"lundi";"21"
"20250520";"20-05-2025";"2025";"T2";"5";"mai";"20";"mardi";"21"
"20250521";"21-05-2025";"2025";"T2";"5";"mai";"21";"mercredi";"21"
"20250522";"22-05-2025";"2025";"T2";"5";"mai";"22";"jeudi";"21"
"20250523";"23-05-2025";"2025";"T2";"5";"mai";"23";"vendredi";"21"
"20250524";"24-05-2025";"2025";"T2";"5";"mai";"24";"samedi";"21"
"20250525";"25-05-2025";"2025";"T2";"5";"mai";"25";"dimanche";"21"
"20250526";"26-05-2025";"2025";"T2";"5";"mai";"26";"lundi";"22"
"20250527";"27-05-2025";"2025";"T2";"5";"mai";"27";"mardi";"22"
"20250528";"28-05-2025";"2025";"T2";"5";"mai";"28";"mercredi";"22"
"20250529";"29-05-2025";"2025";"T2";"5";"mai";"29";"jeudi";"22"
"20250530";"30-05-2025";"2025";"T2";"5";"mai";"30";"vendredi";"22"
"20250531";"31-05-2025";"2025";"T2";"5";"mai";"31";"samedi";"22"
"20250601";"01-06-2025";"2025";"T2";"6";"juin";"1";"dimanche";"22"
"20250602";"02-06-2025";"2025";"T2";"6";"juin";"2";"lundi";"23"
"20250603";"03-06-2025";"2025";"T2";"6";"juin";"3";"mardi";"23"
"20250604";"04-06-2025";"2025";"T2";"6";"juin";"4";"mercredi";"23"
"20250605";"05-06-2025";"2025";"T2";"6";"juin";"5";"jeudi";"23"
"20250606";"06-06-2025";"2025";"T2";"6";"juin";"6";"vendredi";"23"
"20250607";"07-06-2025";"2025";"T2";"6";"juin";"7";"samedi";"23"
"20250608";"08-06-2025";"2025";"T2";"6";"juin";"8";"dimanche";"23"
"20250609";"09-06-2025";"2025";"T2";"6";"juin";"9";"lundi";"24"
"20250610";"10-06-2025";"2025";"T2";"6";"juin";"10";"mardi";"24"
"20250611";"11-06-2025";"2025";"T2";"6";"juin";"11";"mercredi";"24"
"20250612";"12-06-2025";"2025";"T2";"6";"juin";"12";"jeudi";"24"
"20250613";"13-06-2025";"2025";"T2";"6";"juin";"13";"vendredi";"24"
"20250614";"14-06-2025";"2025";"T2";"6";"juin";"14";"samedi";"24"
"20250615";"15-06-2025";"2025";"T2";"6";"juin";"15";"dimanche";"24"
"20250616";"16-06-2025";"2025";"T2";"6";"juin";"16";"lundi";"25"
"20250617";"17-06-2025";"2025";"T2";"6";"juin";"17";"mardi";"25"
"20250618";"18-06-2025";"2025";"T2";"6";"juin";"18";"mercredi";"25"
"20250619";"19-06-2025";"2025";"T2";"6";"juin";"19";"jeudi";"25"
"20250620";"20-06-2025";"2025";"T2";"6";"juin";"20";"vendredi";"25"
"20250621";"21-06-2025";"2025";"T2";"6";"juin";"21";"samedi";"25"
"20250622";"22-06-2025";"2025";"T2";"6";"juin";"22";"dimanche";"25"
"20250623";"23-06-2025";"2025";"T2";"6";"juin";"23";"lundi";"26"
"20250624";"24-06-2025";"2025";"T2";"6";"juin";"24";"mardi";"26"
"20250625";"25-06-2025";"2025";"T2";"6";"juin";"25";"mercredi";"26"
"20250626";"26-06-2025";"2025";"T2";"6";"juin";"26";"jeudi";"26"
"20250627";"27-06-2025";"2025";"T2";"6";"juin";"27";"vendredi";"26"
"20250628";"28-06-2025";"2025";"T2";"6";"juin";"28";"samedi";"26"
"20250629";"29-06-2025";"2025";"T2";"6";"juin";"29";"dimanche";"26"
"20250630";"30-06-2025";"2025";"T2";"6";"juin";"30";"lundi";"27"
"20250701";"01-07-2025";"2025";"T3";"7";"juillet";"1";"mardi";"27"
"20250702";"02-07-2025";"2025";"T3";"7";"juillet";"2";"mercredi";"27"
"20250703";"03-07-2025";"2025";"T3";"7";"juillet";"3";"jeudi";"27"
"20250704";"04-07-2025";"2025";"T3";"7";"juillet";"4";"vendredi";"27"
"20250705";"05-07-2025";"2025";"T3";"7";"juillet";"5";"samedi";"27"
"20250706";"06-07-2025";"2025";"T3";"7";"juillet";"6";"dimanche";"27"
"20250707";"07-07-2025";"2025";"T3";"7";"juillet";"7";"lundi";"28"
"20250708";"08-07-2025";"2025";"T3";"7";"juillet";"8";"mardi";"28"
"20250709";"09-07-2025";"2025";"T3";"7";"juillet";"9";"mercredi";"28"
"20250710";"10-07-2025";"2025";"T3";"7";"juillet";"10";"jeudi";"28"
"20250711";"11-07-2025";"2025";"T3";"7";"juillet";"11";"vendredi";"28"
"20250712";"12-07-2025";"2025";"T3";"7";"juillet";"12";"samedi";"28"
"20250713";"13-07-2025";"2025";"T3";"7";"juillet";"13";"dimanche";"28"
"20250714";"14-07-2025";"2025";"T3";"7";"juillet";"14";"lundi";"29"
"20250715";"15-07-2025";"2025";"T3";"7";"juillet";"15";"mardi";"29"
"20250716";"16-07-2025";"2025";"T3";"7";"juillet";"16";"mercredi";"29"
"20250717";"17-07-2025";"2025";"T3";"7";"juillet";"17";"jeudi";"29"
"20250718";"18-07-2025";"2025";"T3";"7";"juillet";"18";"vendredi";"29"
"20250719";"19-07-2025";"2025";"T3";"7";"juillet";"19";"samedi";"29"
"20250720";"20-07-2025";"2025";"T3";"7";"juillet";"20";"dimanche";"29"
"20250721";"21-07-2025";"2025";"T3";"7";"juillet";"21";"lundi";"30"
"20250722";"22-07-2025";"2025";"T3";"7";"juillet";"22";"mardi";"30"
"20250723";"23-07-2025";"2025";"T3";"7";"juillet";"23";"mercredi";"30"
"20250724";"24-07-2025";"2025";"T3";"7";"juillet";"24";"jeudi";"30"
"20250725";"25-07-2025";"2025";"T3";"7";"juillet";"25";"vendredi";"30"
"20250726";"26-07-2025";"2025";"T3";"7";"juillet";"26";"samedi";"30"
"20250727";"27-07-2025";"2025";"T3";"7";"juillet";"27";"dimanche";"30"
"20250728";"28-07-2025";"2025";"T3";"7";"juillet";"28";"lundi";"31"
"20250729";"29-07-2025";"2025";"T3";"7";"juillet";"29";"mardi";"31"
"20250730";"30-07-2025";"2025";"T3";"7";"juillet";"30";"mercredi";"31"
"20250731";"31-07-2025";"2025";"T3";"7";"juillet";"31";"jeudi";"31"
"20250801";"01-08-2025";"2025";"T3";"8";"août";"1";"vendredi";"31"
"20250802";"02-08-2025";"2025";"T3";"8";"août";"2";"samedi";"31"
"20250803";"03-08-2025";"2025";"T3";"8";"août";"3";"dimanche";"31"
"20250804";"04-08-2025";"2025";"T3";"8";"août";"4";"lundi";"32"
"20250805";"05-08-2025";"2025";"T3";"8";"août";"5";"mardi";"32"
"20250806";"06-08-2025";"2025";"T3";"8";"août";"6";"mercredi";"32"
"20250807";"07-08-2025";"2025";"T3";"8";"août";"7";"jeudi";"32"
"20250808";"08-08-2025";"2025";"T3";"8";"août";"8";"vendredi";"32"
"20250809";"09-08-2025";"2025";"T3";"8";"août";"9";"samedi";"32"
"20250810";"10-08-2025";"2025";"T3";"8";"août";"10";"dimanche";"32"
"20250811";"11-08-2025";"2025";"T3";"8";"août";"11";"lundi";"33"
"20250812";"12-08-2025";"2025";"T3";"8";"août";"12";"mardi";"33"
"20250813";"13-08-2025";"2025";"T3";"8";"août";"13";"mercredi";"33"
"20250814";"14-08-2025";"2025";"T3";"8";"août";"14";"jeudi";"33"
"20250815";"15-08-2025";"2025";"T3";"8";"août";"15";"vendredi";"33"
"20250816";"16-08-2025";"2025";"T3";"8";"août";"16";"samedi";"33"
"20250817";"17-08-2025";"2025";"T3";"8";"août";"17";"dimanche";"33"
"20250818";"18-08-2025";"2025";"T3";"8";"août";"18";"lundi";"34"
"20250819";"19-08-2025";"2025";"T3";"8";"août";"19";"mardi";"34"
"20250820";"20-08-2025";"2025";"T3";"8";"août";"20";"mercredi";"34"
"20250821";"21-08-2025";"2025";"T3";"8";"août";"21";"jeudi";"34"
"20250822";"22-08-2025";"2025";"T3";"8";"août";"22";"vendredi";"34"
"20250823";"23-08-2025";"2025";"T3";"8";"août";"23";"samedi";"34"
"20250824";"24-08-2025";"2025";"T3";"8";"août";"24";"dimanche";"34"
"20250825";"25-08-2025";"2025";"T3";"8";"août";"25";"lundi";"35"
"20250826";"26-08-2025";"2025";"T3";"8";"août";"26";"mardi";"35"
"20250827";"27-08-2025";"2025";"T3";"8";"août";"27";"mercredi";"35"
"20250828";"28-08-2025";"2025";"T3";"8";"août";"28";"jeudi";"35"
"20250829";"29-08-2025";"2025";"T3";"8";"août";"29";"vendredi";"35"
"20250830";"30-08-2025";"2025";"T3";"8";"août";"30";"samedi";"35"
"20250831";"31-08-2025";"2025";"T3";"8";"août";"31";"dimanche";"35"
"20250901";"01-09-2025";"2025";"T3";"9";"septembre";"1";"lundi";"36"
"20250902";"02-09-2025";"2025";"T3";"9";"septembre";"2";"mardi";"36"
"20250903";"03-09-2025";"2025";"T3";"9";"septembre";"3";"mercredi";"36"
"20250904";"04-09-2025";"2025";"T3";"9";"septembre";"4";"jeudi";"36"
"20250905";"05-09-2025";"2025";"T3";"9";"septembre";"5";"vendredi";"36"
"20250906";"06-09-2025";"2025";"T3";"9";"septembre";"6";"samedi";"36"
"20250907";"07-09-2025";"2025";"T3";"9";"septembre";"7";"dimanche";"36"
"20250908";"08-09-2025";"2025";"T3";"9";"septembre";"8";"lundi";"37"
"20250909";"09-09-2025";"2025";"T3";"9";"septembre";"9";"mardi";"37"
"20250910";"10-09-2025";"2025";"T3";"9";"septembre";"10";"mercredi";"37"
"20250911";"11-09-2025";"2025";"T3";"9";"septembre";"11";"jeudi";"37"
"20250912";"12-09-2025";"2025";"T3";"9";"septembre";"12";"vendredi";"37"
"20250913";"13-09-2025";"2025";"T3";"9";"septembre";"13";"samedi";"37"
"20250914";"14-09-2025";"2025";"T3";"9";"septembre";"14";"dimanche";"37"
"20250915";"15-09-2025";"2025";"T3";"9";"septembre";"15";"lundi";"38"
"20250916";"16-09-2025";"2025";"T3";"9";"septembre";"16";"mardi";"38"
"20250917";"17-09-2025";"2025";"T3";"9";"septembre";"17";"mercredi";"38"
"20250918";"18-09-2025";"2025";"T3";"9";"septembre";"18";"jeudi";"38"
"20250919";"19-09-2025";"2025";"T3";"9";"septembre";"19";"vendredi";"38"
"20250920";"20-09-2025";"2025";"T3";"9";"septembre";"20";"samedi";"38"
"20250921";"21-09-2025";"2025";"T3";"9";"septembre";"21";"dimanche";"38"
"20250922";"22-09-2025";"2025";"T3";"9";"septembre";"22";"lundi";"39"
"20250923";"23-09-2025";"2025";"T3";"9";"septembre";"23";"mardi";"39"
"20250924";"24-09-2025";"2025";"T3";"9";"septembre";"24";"mercredi";"39"
"20250925";"25-09-2025";"2025";"T3";"9";"septembre";"25";"jeudi";"39"
"20250926";"26-09-2025";"2025";"T3";"9";"septembre";"26";"vendredi";"39"
"20250927";"27-09-2025";"2025";"T3";"9";"septembre";"27";"samedi";"39"
"20250928";"28-09-2025";"2025";"T3";"9";"septembre";"28";"dimanche";"39"
"20250929";"29-09-2025";"2025";"T3";"9";"septembre";"29";"lundi";"40"
"20250930";"30-09-2025";"2025";"T3";"9";"septembre";"30";"mardi";"40"
"20251001";"01-10-2025";"2025";"T4";"10";"octobre";"1";"mercredi";"40"
"20251002";"02-10-2025";"2025";"T4";"10";"octobre";"2";"jeudi";"40"
"20251003";"03-10-2025";"2025";"T4";"10";"octobre";"3";"vendredi";"40"
"20251004";"04-10-2025";"2025";"T4";"10";"octobre";"4";"samedi";"40"
"20251005";"05-10-2025";"2025";"T4";"10";"octobre";"5";"dimanche";"40"
"20251006";"06-10-2025";"2025";"T4";"10";"octobre";"6";"lundi";"41"
"20251007";"07-10-2025";"2025";"T4";"10";"octobre";"7";"mardi";"41"
"20251008";"08-10-2025";"2025";"T4";"10";"octobre";"8";"mercredi";"41"
"20251009";"09-10-2025";"2025";"T4";"10";"octobre";"9";"jeudi";"41"
"20251010";"10-10-2025";"2025";"T4";"10";"octobre";"10";"vendredi";"41"
"20251011";"11-10-2025";"2025";"T4";"10";"octobre";"11";"samedi";"41"
"20251012";"12-10-2025";"2025";"T4";"10";"octobre";"12";"dimanche";"41"
"20251013";"13-10-2025";"2025";"T4";"10";"octobre";"13";"lundi";"42"
"20251014";"14-10-2025";"2025";"T4";"10";"octobre";"14";"mardi";"42"
"20251015";"15-10-2025";"2025";"T4";"10";"octobre";"15";"mercredi";"42"
"20251016";"16-10-2025";"2025";"T4";"10";"octobre";"16";"jeudi";"42"
"20251017";"17-10-2025";"2025";"T4";"10";"octobre";"17";"vendredi";"42"
"20251018";"18-10-2025";"2025";"T4";"10";"octobre";"18";"samedi";"42"
"20251019";"19-10-2025";"2025";"T4";"10";"octobre";"19";"dimanche";"42"
"20251020";"20-10-2025";"2025";"T4";"10";"octobre";"20";"lundi";"43"
"20251021";"21-10-2025";"2025";"T4";"10";"octobre";"21";"mardi";"43"
"20251022";"22-10-2025";"2025";"T4";"10";"octobre";"22";"mercredi";"43"
"20251023";"23-10-2025";"2025";"T4";"10";"octobre";"23";"jeudi";"43"
"20251024";"24-10-2025";"2025";"T4";"10";"octobre";"24";"vendredi";"43"
"20251025";"25-10-2025";"2025";"T4";"10";"octobre";"25";"samedi";"43"
"20251026";"26-10-2025";"2025";"T4";"10";"octobre";"26";"dimanche";"43"
"20251027";"27-10-2025";"2025";"T4";"10";"octobre";"27";"lundi";"44"
"20251028";"28-10-2025";"2025";"T4";"10";"octobre";"28";"mardi";"44"
"20251029";"29-10-2025";"2025";"T4";"10";"octobre";"29";"mercredi";"44"
"20251030";"30-10-2025";"2025";"T4";"10";"octobre";"30";"jeudi";"44"
"20251031";"31-10-2025";"2025";"T4";"10";"octobre";"31";"vendredi";"44"
"20251101";"01-11-2025";"2025";"T4";"11";"novembre";"1";"samedi";"44"
"20251102";"02-11-2025";"2025";"T4";"11";"novembre";"2";"dimanche";"44"
"20251103";"03-11-2025";"2025";"T4";"11";"novembre";"3";"lundi";"45"
"20251104";"04-11-2025";"2025";"T4";"11";"novembre";"4";"mardi";"45"
"20251105";"05-11-2025";"2025";"T4";"11";"novembre";"5";"mercredi";"45"
"20251106";"06-11-2025";"2025";"T4";"11";"novembre";"6";"jeudi";"45"
"20251107";"07-11-2025";"2025";"T4";"11";"novembre";"7";"vendredi";"45"
"20251108";"08-11-2025";"2025";"T4";"11";"novembre";"8";"samedi";"45"
"20251109";"09-11-2025";"2025";"T4";"11";"novembre";"9";"dimanche";"45"
"20251110";"10-11-2025";"2025";"T4";"11";"novembre";"10";"lundi";"46"
"20251111";"11-11-2025";"2025";"T4";"11";"novembre";"11";"mardi";"46"
"20251112";"12-11-2025";"2025";"T4";"11";"novembre";"12";"mercredi";"46"
"20251113";"13-11-2025";"2025";"T4";"11";"novembre";"13";"jeudi";"46"
"20251114";"14-11-2025";"2025";"T4";"11";"novembre";"14";"vendredi";"46"
"20251115";"15-11-2025";"2025";"T4";"11";"novembre";"15";"samedi";"46"
"20251116";"16-11-2025";"2025";"T4";"11";"novembre";"16";"dimanche";"46"
"20251117";"17-11-2025";"2025";"T4";"11";"novembre";"17";"lundi";"47"
"20251118";"18-11-2025";"2025";"T4";"11";"novembre";"18";"mardi";"47"
"20251119";"19-11-2025";"2025";"T4";"11";"novembre";"19";"mercredi";"47"
"20251120";"20-11-2025";"2025";"T4";"11";"novembre";"20";"jeudi";"47"
"20251121";"21-11-2025";"2025";"T4";"11";"novembre";"21";"vendredi";"47"
"20251122";"22-11-2025";"2025";"T4";"11";"novembre";"22";"samedi";"47"
"20251123";"23-11-2025";"2025";"T4";"11";"novembre";"23";"dimanche";"47"
"20251124";"24-11-2025";"2025";"T4";"11";"novembre";"24";"lundi";"48"
"20251125";"25-11-2025";"2025";"T4";"11";"novembre";"25";"mardi";"48"
"20251126";"26-11-2025";"2025";"T4";"11";"novembre";"26";"mercredi";"48"
"20251127";"27-11-2025";"2025";"T4";"11";"novembre";"27";"jeudi";"48"
"20251128";"28-11-2025";"2025";"T4";"11";"novembre";"28";"vendredi";"48"
"20251129";"29-11-2025";"2025";"T4";"11";"novembre";"29";"samedi";"48"
"20251130";"30-11-2025";"2025";"T4";"11";"novembre";"30";"dimanche";"48"
"20251201";"01-12-2025";"2025";"T4";"12";"décembre";"1";"lundi";"49"
"20251202";"02-12-2025";"2025";"T4";"12";"décembre";"2";"mardi";"49"
"20251203";"03-12-2025";"2025";"T4";"12";"décembre";"3";"mercredi";"49"
"20251204";"04-12-2025";"2025";"T4";"12";"décembre";"4";"jeudi";"49"
"20251205";"05-12-2025";"2025";"T4";"12";"décembre";"5";"vendredi";"49"
"20251206";"06-12-2025";"2025";"T4";"12";"décembre";"6";"samedi";"49"
"20251207";"07-12-2025";"2025";"T4";"12";"décembre";"7";"dimanche";"49"
"20251208";"08-12-2025";"2025";"T4";"12";"décembre";"8";"lundi";"50"
"20251209";"09-12-2025";"2025";"T4";"12";"décembre";"9";"mardi";"50"
"20251210";"10-12-2025";"2025";"T4";"12";"décembre";"10";"mercredi";"50"
"20251211";"11-12-2025";"2025";"T4";"12";"décembre";"11";"jeudi";"50"
"20251212";"12-12-2025";"2025";"T4";"12";"décembre";"12";"vendredi";"50"
"20251213";"13-12-2025";"2025";"T4";"12";"décembre";"13";"samedi";"50"
"20251214";"14-12-2025";"2025";"T4";"12";"décembre";"14";"dimanche";"50"
"20251215";"15-12-2025";"2025";"T4";"12";"décembre";"15";"lundi";"51"
"20251216";"16-12-2025";"2025";"T4";"12";"décembre";"16";"mardi";"51"
"20251217";"17-12-2025";"2025";"T4";"12";"décembre";"17";"mercredi";"51"
"20251218";"18-12-2025";"2025";"T4";"12";"décembre";"18";"jeudi";"51"
"20251219";"19-12-2025";"2025";"T4";"12";"décembre";"19";"vendredi";"51"
"20251220";"20-12-2025";"2025";"T4";"12";"décembre";"20";"samedi";"51"
"20251221";"21-12-2025";"2025";"T4";"12";"décembre";"21";"dimanche";"51"
"20251222";"22-12-2025";"2025";"T4";"12";"décembre";"22";"lundi";"52"
"20251223";"23-12-2025";"2025";"T4";"12";"décembre";"23";"mardi";"52"
"20251224";"24-12-2025";"2025";"T4";"12";"décembre";"24";"mercredi";"52"
"20251225";"25-12-2025";"2025";"T4";"12";"décembre";"25";"jeudi";"52"
"20251226";"26-12-2025";"2025";"T4";"12";"décembre";"26";"vendredi";"52"
"20251227";"27-12-2025";"2025";"T4";"12";"décembre";"27";"samedi";"52"
"20251228";"28-12-2025";"2025";"T4";"12";"décembre";"28";"dimanche";"52"
"20251229";"29-12-2025";"2025";"T4";"12";"décembre";"29";"lundi";"53"
"20251230";"30-12-2025";"2025";"T4";"12";"décembre";"30";"mardi";"53"
"20251231";"31-12-2025";"2025";"T4";"12";"décembre";"31";"mercredi";"53"
"20260101";"01-01-2026";"2026";"T1";"1";"janvier";"1";"jeudi";"1"
"20260102";"02-01-2026";"2026";"T1";"1";"janvier";"2";"vendredi";"1"
"20260103";"03-01-2026";"2026";"T1";"1";"janvier";"3";"samedi";"1"
"20260104";"04-01-2026";"2026";"T1";"1";"janvier";"4";"dimanche";"1"
"20260105";"05-01-2026";"2026";"T1";"1";"janvier";"5";"lundi";"2"
"20260106";"06-01-2026";"2026";"T1";"1";"janvier";"6";"mardi";"2"
"20260107";"07-01-2026";"2026";"T1";"1";"janvier";"7";"mercredi";"2"
"20260108";"08-01-2026";"2026";"T1";"1";"janvier";"8";"jeudi";"2"
"20260109";"09-01-2026";"2026";"T1";"1";"janvier";"9";"vendredi";"2"
"20260110";"10-01-2026";"2026";"T1";"1";"janvier";"10";"samedi";"2"
"20260111";"11-01-2026";"2026";"T1";"1";"janvier";"11";"dimanche";"2"
"20260112";"12-01-2026";"2026";"T1";"1";"janvier";"12";"lundi";"3"
"20260113";"13-01-2026";"2026";"T1";"1";"janvier";"13";"mardi";"3"
"20260114";"14-01-2026";"2026";"T1";"1";"janvier";"14";"mercredi";"3"
"20260115";"15-01-2026";"2026";"T1";"1";"janvier";"15";"jeudi";"3"
"20260116";"16-01-2026";"2026";"T1";"1";"janvier";"16";"vendredi";"3"
"20260117";"17-01-2026";"2026";"T1";"1";"janvier";"17";"samedi";"3"
"20260118";"18-01-2026";"2026";"T1";"1";"janvier";"18";"dimanche";"3"
"20260119";"19-01-2026";"2026";"T1";"1";"janvier";"19";"lundi";"4"
"20260120";"20-01-2026";"2026";"T1";"1";"janvier";"20";"mardi";"4"
"20260121";"21-01-2026";"2026";"T1";"1";"janvier";"21";"mercredi";"4"
"20260122";"22-01-2026";"2026";"T1";"1";"janvier";"22";"jeudi";"4"
"20260123";"23-01-2026";"2026";"T1";"1";"janvier";"23";"vendredi";"4"
"20260124";"24-01-2026";"2026";"T1";"1";"janvier";"24";"samedi";"4"
"20260125";"25-01-2026";"2026";"T1";"1";"janvier";"25";"dimanche";"4"
"20260126";"26-01-2026";"2026";"T1";"1";"janvier";"26";"lundi";"5"
"20260127";"27-01-2026";"2026";"T1";"1";"janvier";"27";"mardi";"5"
"20260128";"28-01-2026";"2026";"T1";"1";"janvier";"28";"mercredi";"5"
"20260129";"29-01-2026";"2026";"T1";"1";"janvier";"29";"jeudi";"5"
"20260130";"30-01-2026";"2026";"T1";"1";"janvier";"30";"vendredi";"5"
"20260131";"31-01-2026";"2026";"T1";"1";"janvier";"31";"samedi";"5"
"20260201";"01-02-2026";"2026";"T1";"2";"février";"1";"dimanche";"5"
"20260202";"02-02-2026";"2026";"T1";"2";"février";"2";"lundi";"6"
"20260203";"03-02-2026";"2026";"T1";"2";"février";"3";"mardi";"6"
"20260204";"04-02-2026";"2026";"T1";"2";"février";"4";"mercredi";"6"
"20260205";"05-02-2026";"2026";"T1";"2";"février";"5";"jeudi";"6"
"20260206";"06-02-2026";"2026";"T1";"2";"février";"6";"vendredi";"6"
"20260207";"07-02-2026";"2026";"T1";"2";"février";"7";"samedi";"6"
"20260208";"08-02-2026";"2026";"T1";"2";"février";"8";"dimanche";"6"
"20260209";"09-02-2026";"2026";"T1";"2";"février";"9";"lundi";"7"
"20260210";"10-02-2026";"2026";"T1";"2";"février";"10";"mardi";"7"
"20260211";"11-02-2026";"2026";"T1";"2";"février";"11";"mercredi";"7"
"20260212";"12-02-2026";"2026";"T1";"2";"février";"12";"jeudi";"7"
"20260213";"13-02-2026";"2026";"T1";"2";"février";"13";"vendredi";"7"
"20260214";"14-02-2026";"2026";"T1";"2";"février";"14";"samedi";"7"
"20260215";"15-02-2026";"2026";"T1";"2";"février";"15";"dimanche";"7"
"20260216";"16-02-2026";"2026";"T1";"2";"février";"16";"lundi";"8"
"20260217";"17-02-2026";"2026";"T1";"2";"février";"17";"mardi";"8"
"20260218";"18-02-2026";"2026";"T1";"2";"février";"18";"mercredi";"8"
"20260219";"19-02-2026";"2026";"T1";"2";"février";"19";"jeudi";"8"
"20260220";"20-02-2026";"2026";"T1";"2";"février";"20";"vendredi";"8"
"20260221";"21-02-2026";"2026";"T1";"2";"février";"21";"samedi";"8"
"20260222";"22-02-2026";"2026";"T1";"2";"février";"22";"dimanche";"8"
"20260223";"23-02-2026";"2026";"T1";"2";"février";"23";"lundi";"9"
"20260224";"24-02-2026";"2026";"T1";"2";"février";"24";"mardi";"9"
"20260225";"25-02-2026";"2026";"T1";"2";"février";"25";"mercredi";"9"
"20260226";"26-02-2026";"2026";"T1";"2";"février";"26";"jeudi";"9"
"20260227";"27-02-2026";"2026";"T1";"2";"février";"27";"vendredi";"9"
"20260228";"28-02-2026";"2026";"T1";"2";"février";"28";"samedi";"9"
"20260301";"01-03-2026";"2026";"T1";"3";"mars";"1";"dimanche";"9"
"20260302";"02-03-2026";"2026";"T1";"3";"mars";"2";"lundi";"10"
"20260303";"03-03-2026";"2026";"T1";"3";"mars";"3";"mardi";"10"
"20260304";"04-03-2026";"2026";"T1";"3";"mars";"4";"mercredi";"10"
"20260305";"05-03-2026";"2026";"T1";"3";"mars";"5";"jeudi";"10"
"20260306";"06-03-2026";"2026";"T1";"3";"mars";"6";"vendredi";"10"
"20260307";"07-03-2026";"2026";"T1";"3";"mars";"7";"samedi";"10"
"20260308";"08-03-2026";"2026";"T1";"3";"mars";"8";"dimanche";"10"
"20260309";"09-03-2026";"2026";"T1";"3";"mars";"9";"lundi";"11"
"20260310";"10-03-2026";"2026";"T1";"3";"mars";"10";"mardi";"11"
"20260311";"11-03-2026";"2026";"T1";"3";"mars";"11";"mercredi";"11"
"20260312";"12-03-2026";"2026";"T1";"3";"mars";"12";"jeudi";"11"
"20260313";"13-03-2026";"2026";"T1";"3";"mars";"13";"vendredi";"11"
"20260314";"14-03-2026";"2026";"T1";"3";"mars";"14";"samedi";"11"
"20260315";"15-03-2026";"2026";"T1";"3";"mars";"15";"dimanche";"11"
"20260316";"16-03-2026";"2026";"T1";"3";"mars";"16";"lundi";"12"
"20260317";"17-03-2026";"2026";"T1";"3";"mars";"17";"mardi";"12"
"20260318";"18-03-2026";"2026";"T1";"3";"mars";"18";"mercredi";"12"
"20260319";"19-03-2026";"2026";"T1";"3";"mars";"19";"jeudi";"12"
"20260320";"20-03-2026";"2026";"T1";"3";"mars";"20";"vendredi";"12"
"20260321";"21-03-2026";"2026";"T1";"3";"mars";"21";"samedi";"12"
"20260322";"22-03-2026";"2026";"T1";"3";"mars";"22";"dimanche";"12"
"20260323";"23-03-2026";"2026";"T1";"3";"mars";"23";"lundi";"13"
"20260324";"24-03-2026";"2026";"T1";"3";"mars";"24";"mardi";"13"
"20260325";"25-03-2026";"2026";"T1";"3";"mars";"25";"mercredi";"13"
"20260326";"26-03-2026";"2026";"T1";"3";"mars";"26";"jeudi";"13"
"20260327";"27-03-2026";"2026";"T1";"3";"mars";"27";"vendredi";"13"
"20260328";"28-03-2026";"2026";"T1";"3";"mars";"28";"samedi";"13"
"20260329";"29-03-2026";"2026";"T1";"3";"mars";"29";"dimanche";"13"
"20260330";"30-03-2026";"2026";"T1";"3";"mars";"30";"lundi";"14"
"20260331";"31-03-2026";"2026";"T1";"3";"mars";"31";"mardi";"14"
"20260401";"01-04-2026";"2026";"T2";"4";"avril";"1";"mercredi";"14"
"20260402";"02-04-2026";"2026";"T2";"4";"avril";"2";"jeudi";"14"
"20260403";"03-04-2026";"2026";"T2";"4";"avril";"3";"vendredi";"14"
"20260404";"04-04-2026";"2026";"T2";"4";"avril";"4";"samedi";"14"
"20260405";"05-04-2026";"2026";"T2";"4";"avril";"5";"dimanche";"14"
"20260406";"06-04-2026";"2026";"T2";"4";"avril";"6";"lundi";"15"
"20260407";"07-04-2026";"2026";"T2";"4";"avril";"7";"mardi";"15"
"20260408";"08-04-2026";"2026";"T2";"4";"avril";"8";"mercredi";"15"
"20260409";"09-04-2026";"2026";"T2";"4";"avril";"9";"jeudi";"15"
"20260410";"10-04-2026";"2026";"T2";"4";"avril";"10";"vendredi";"15"
"20260411";"11-04-2026";"2026";"T2";"4";"avril";"11";"samedi";"15"
"20260412";"12-04-2026";"2026";"T2";"4";"avril";"12";"dimanche";"15"
"20260413";"13-04-2026";"2026";"T2";"4";"avril";"13";"lundi";"16"
"20260414";"14-04-2026";"2026";"T2";"4";"avril";"14";"mardi";"16"
"20260415";"15-04-2026";"2026";"T2";"4";"avril";"15";"mercredi";"16"
"20260416";"16-04-2026";"2026";"T2";"4";"avril";"16";"jeudi";"16"
"20260417";"17-04-2026";"2026";"T2";"4";"avril";"17";"vendredi";"16"
"20260418";"18-04-2026";"2026";"T2";"4";"avril";"18";"samedi";"16"
"20260419";"19-04-2026";"2026";"T2";"4";"avril";"19";"dimanche";"16"
"20260420";"20-04-2026";"2026";"T2";"4";"avril";"20";"lundi";"17"
"20260421";"21-04-2026";"2026";"T2";"4";"avril";"21";"mardi";"17"
"20260422";"22-04-2026";"2026";"T2";"4";"avril";"22";"mercredi";"17"
"20260423";"23-04-2026";"2026";"T2";"4";"avril";"23";"jeudi";"17"
"20260424";"24-04-2026";"2026";"T2";"4";"avril";"24";"vendredi";"17"
"20260425";"25-04-2026";"2026";"T2";"4";"avril";"25";"samedi";"17"
"20260426";"26-04-2026";"2026";"T2";"4";"avril";"26";"dimanche";"17"
"20260427";"27-04-2026";"2026";"T2";"4";"avril";"27";"lundi";"18"
"20260428";"28-04-2026";"2026";"T2";"4";"avril";"28";"mardi";"18"
"20260429";"29-04-2026";"2026";"T2";"4";"avril";"29";"mercredi";"18"
"20260430";"30-04-2026";"2026";"T2";"4";"avril";"30";"jeudi";"18"
"20260501";"01-05-2026";"2026";"T2";"5";"mai";"1";"vendredi";"18"
"20260502";"02-05-2026";"2026";"T2";"5";"mai";"2";"samedi";"18"
"20260503";"03-05-2026";"2026";"T2";"5";"mai";"3";"dimanche";"18"
"20260504";"04-05-2026";"2026";"T2";"5";"mai";"4";"lundi";"19"
"20260505";"05-05-2026";"2026";"T2";"5";"mai";"5";"mardi";"19"
"20260506";"06-05-2026";"2026";"T2";"5";"mai";"6";"mercredi";"19"
"20260507";"07-05-2026";"2026";"T2";"5";"mai";"7";"jeudi";"19"
"20260508";"08-05-2026";"2026";"T2";"5";"mai";"8";"vendredi";"19"
"20260509";"09-05-2026";"2026";"T2";"5";"mai";"9";"samedi";"19"
"20260510";"10-05-2026";"2026";"T2";"5";"mai";"10";"dimanche";"19"
"20260511";"11-05-2026";"2026";"T2";"5";"mai";"11";"lundi";"20"
"20260512";"12-05-2026";"2026";"T2";"5";"mai";"12";"mardi";"20"
"20260513";"13-05-2026";"2026";"T2";"5";"mai";"13";"mercredi";"20"
"20260514";"14-05-2026";"2026";"T2";"5";"mai";"14";"jeudi";"20"
"20260515";"15-05-2026";"2026";"T2";"5";"mai";"15";"vendredi";"20"
"20260516";"16-05-2026";"2026";"T2";"5";"mai";"16";"samedi";"20"
"20260517";"17-05-2026";"2026";"T2";"5";"mai";"17";"dimanche";"20"
"20260518";"18-05-2026";"2026";"T2";"5";"mai";"18";"lundi";"21"
"20260519";"19-05-2026";"2026";"T2";"5";"mai";"19";"mardi";"21"
"20260520";"20-05-2026";"2026";"T2";"5";"mai";"20";"mercredi";"21"
"20260521";"21-05-2026";"2026";"T2";"5";"mai";"21";"jeudi";"21"
"20260522";"22-05-2026";"2026";"T2";"5";"mai";"22";"vendredi";"21"
"20260523";"23-05-2026";"2026";"T2";"5";"mai";"23";"samedi";"21"
"20260524";"24-05-2026";"2026";"T2";"5";"mai";"24";"dimanche";"21"
"20260525";"25-05-2026";"2026";"T2";"5";"mai";"25";"lundi";"22"
"20260526";"26-05-2026";"2026";"T2";"5";"mai";"26";"mardi";"22"
"20260527";"27-05-2026";"2026";"T2";"5";"mai";"27";"mercredi";"22"
"20260528";"28-05-2026";"2026";"T2";"5";"mai";"28";"jeudi";"22"
"20260529";"29-05-2026";"2026";"T2";"5";"mai";"29";"vendredi";"22"
"20260530";"30-05-2026";"2026";"T2";"5";"mai";"30";"samedi";"22"
"20260531";"31-05-2026";"2026";"T2";"5";"mai";"31";"dimanche";"22"
"20260601";"01-06-2026";"2026";"T2";"6";"juin";"1";"lundi";"23"
"20260602";"02-06-2026";"2026";"T2";"6";"juin";"2";"mardi";"23"
"20260603";"03-06-2026";"2026";"T2";"6";"juin";"3";"mercredi";"23"
"20260604";"04-06-2026";"2026";"T2";"6";"juin";"4";"jeudi";"23"
"20260605";"05-06-2026";"2026";"T2";"6";"juin";"5";"vendredi";"23"
"20260606";"06-06-2026";"2026";"T2";"6";"juin";"6";"samedi";"23"
"20260607";"07-06-2026";"2026";"T2";"6";"juin";"7";"dimanche";"23"
"20260608";"08-06-2026";"2026";"T2";"6";"juin";"8";"lundi";"24"
"20260609";"09-06-2026";"2026";"T2";"6";"juin";"9";"mardi";"24"
"20260610";"10-06-2026";"2026";"T2";"6";"juin";"10";"mercredi";"24"
"20260611";"11-06-2026";"2026";"T2";"6";"juin";"11";"jeudi";"24"
"20260612";"12-06-2026";"2026";"T2";"6";"juin";"12";"vendredi";"24"
"20260613";"13-06-2026";"2026";"T2";"6";"juin";"13";"samedi";"24"
"20260614";"14-06-2026";"2026";"T2";"6";"juin";"14";"dimanche";"24"
"20260615";"15-06-2026";"2026";"T2";"6";"juin";"15";"lundi";"25"
"20260616";"16-06-2026";"2026";"T2";"6";"juin";"16";"mardi";"25"
"20260617";"17-06-2026";"2026";"T2";"6";"juin";"17";"mercredi";"25"
"20260618";"18-06-2026";"2026";"T2";"6";"juin";"18";"jeudi";"25"
"20260619";"19-06-2026";"2026";"T2";"6";"juin";"19";"vendredi";"25"
"20260620";"20-06-2026";"2026";"T2";"6";"juin";"20";"samedi";"25"
"20260621";"21-06-2026";"2026";"T2";"6";"juin";"21";"dimanche";"25"
"20260622";"22-06-2026";"2026";"T2";"6";"juin";"22";"lundi";"26"
"20260623";"23-06-2026";"2026";"T2";"6";"juin";"23";"mardi";"26"
"20260624";"24-06-2026";"2026";"T2";"6";"juin";"24";"mercredi";"26"
"20260625";"25-06-2026";"2026";"T2";"6";"juin";"25";"jeudi";"26"
"20260626";"26-06-2026";"2026";"T2";"6";"juin";"26";"vendredi";"26"
"20260627";"27-06-2026";"2026";"T2";"6";"juin";"27";"samedi";"26"
"20260628";"28-06-2026";"2026";"T2";"6";"juin";"28";"dimanche";"26"
"20260629";"29-06-2026";"2026";"T2";"6";"juin";"29";"lundi";"27"
"20260630";"30-06-2026";"2026";"T2";"6";"juin";"30";"mardi";"27"
"20260701";"01-07-2026";"2026";"T3";"7";"juillet";"1";"mercredi";"27"
"20260702";"02-07-2026";"2026";"T3";"7";"juillet";"2";"jeudi";"27"
"20260703";"03-07-2026";"2026";"T3";"7";"juillet";"3";"vendredi";"27"
"20260704";"04-07-2026";"2026";"T3";"7";"juillet";"4";"samedi";"27"
"20260705";"05-07-2026";"2026";"T3";"7";"juillet";"5";"dimanche";"27"
"20260706";"06-07-2026";"2026";"T3";"7";"juillet";"6";"lundi";"28"
"20260707";"07-07-2026";"2026";"T3";"7";"juillet";"7";"mardi";"28"
"20260708";"08-07-2026";"2026";"T3";"7";"juillet";"8";"mercredi";"28"
"20260709";"09-07-2026";"2026";"T3";"7";"juillet";"9";"jeudi";"28"
"20260710";"10-07-2026";"2026";"T3";"7";"juillet";"10";"vendredi";"28"
"20260711";"11-07-2026";"2026";"T3";"7";"juillet";"11";"samedi";"28"
"20260712";"12-07-2026";"2026";"T3";"7";"juillet";"12";"dimanche";"28"
"20260713";"13-07-2026";"2026";"T3";"7";"juillet";"13";"lundi";"29"
"20260714";"14-07-2026";"2026";"T3";"7";"juillet";"14";"mardi";"29"
"20260715";"15-07-2026";"2026";"T3";"7";"juillet";"15";"mercredi";"29"
"20260716";"16-07-2026";"2026";"T3";"7";"juillet";"16";"jeudi";"29"
"20260717";"17-07-2026";"2026";"T3";"7";"juillet";"17";"vendredi";"29"
"20260718";"18-07-2026";"2026";"T3";"7";"juillet";"18";"samedi";"29"
"20260719";"19-07-2026";"2026";"T3";"7";"juillet";"19";"dimanche";"29"
"20260720";"20-07-2026";"2026";"T3";"7";"juillet";"20";"lundi";"30"
"20260721";"21-07-2026";"2026";"T3";"7";"juillet";"21";"mardi";"30"
"20260722";"22-07-2026";"2026";"T3";"7";"juillet";"22";"mercredi";"30"
"20260723";"23-07-2026";"2026";"T3";"7";"juillet";"23";"jeudi";"30"
"20260724";"24-07-2026";"2026";"T3";"7";"juillet";"24";"vendredi";"30"
"20260725";"25-07-2026";"2026";"T3";"7";"juillet";"25";"samedi";"30"
"20260726";"26-07-2026";"2026";"T3";"7";"juillet";"26";"dimanche";"30"
"20260727";"27-07-2026";"2026";"T3";"7";"juillet";"27";"lundi";"31"
"20260728";"28-07-2026";"2026";"T3";"7";"juillet";"28";"mardi";"31"
"20260729";"29-07-2026";"2026";"T3";"7";"juillet";"29";"mercredi";"31"
"20260730";"30-07-2026";"2026";"T3";"7";"juillet";"30";"jeudi";"31"
"20260731";"31-07-2026";"2026";"T3";"7";"juillet";"31";"vendredi";"31"
"20260801";"01-08-2026";"2026";"T3";"8";"août";"1";"samedi";"31"
"20260802";"02-08-2026";"2026";"T3";"8";"août";"2";"dimanche";"31"
"20260803";"03-08-2026";"2026";"T3";"8";"août";"3";"lundi";"32"
"20260804";"04-08-2026";"2026";"T3";"8";"août";"4";"mardi";"32"
"20260805";"05-08-2026";"2026";"T3";"8";"août";"5";"mercredi";"32"
"20260806";"06-08-2026";"2026";"T3";"8";"août";"6";"jeudi";"32"
"20260807";"07-08-2026";"2026";"T3";"8";"août";"7";"vendredi";"32"
"20260808";"08-08-2026";"2026";"T3";"8";"août";"8";"samedi";"32"
"20260809";"09-08-2026";"2026";"T3";"8";"août";"9";"dimanche";"32"
"20260810";"10-08-2026";"2026";"T3";"8";"août";"10";"lundi";"33"
"20260811";"11-08-2026";"2026";"T3";"8";"août";"11";"mardi";"33"
"20260812";"12-08-2026";"2026";"T3";"8";"août";"12";"mercredi";"33"
"20260813";"13-08-2026";"2026";"T3";"8";"août";"13";"jeudi";"33"
"20260814";"14-08-2026";"2026";"T3";"8";"août";"14";"vendredi";"33"
"20260815";"15-08-2026";"2026";"T3";"8";"août";"15";"samedi";"33"
"20260816";"16-08-2026";"2026";"T3";"8";"août";"16";"dimanche";"33"
"20260817";"17-08-2026";"2026";"T3";"8";"août";"17";"lundi";"34"
"20260818";"18-08-2026";"2026";"T3";"8";"août";"18";"mardi";"34"
"20260819";"19-08-2026";"2026";"T3";"8";"août";"19";"mercredi";"34"
"20260820";"20-08-2026";"2026";"T3";"8";"août";"20";"jeudi";"34"
"20260821";"21-08-2026";"2026";"T3";"8";"août";"21";"vendredi";"34"
"20260822";"22-08-2026";"2026";"T3";"8";"août";"22";"samedi";"34"
"20260823";"23-08-2026";"2026";"T3";"8";"août";"23";"dimanche";"34"
"20260824";"24-08-2026";"2026";"T3";"8";"août";"24";"lundi";"35"
"20260825";"25-08-2026";"2026";"T3";"8";"août";"25";"mardi";"35"
"20260826";"26-08-2026";"2026";"T3";"8";"août";"26";"mercredi";"35"
"20260827";"27-08-2026";"2026";"T3";"8";"août";"27";"jeudi";"35"
"20260828";"28-08-2026";"2026";"T3";"8";"août";"28";"vendredi";"35"
"20260829";"29-08-2026";"2026";"T3";"8";"août";"29";"samedi";"35"
"20260830";"30-08-2026";"2026";"T3";"8";"août";"30";"dimanche";"35"
"20260831";"31-08-2026";"2026";"T3";"8";"août";"31";"lundi";"36"
"20260901";"01-09-2026";"2026";"T3";"9";"septembre";"1";"mardi";"36"
"20260902";"02-09-2026";"2026";"T3";"9";"septembre";"2";"mercredi";"36"
"20260903";"03-09-2026";"2026";"T3";"9";"septembre";"3";"jeudi";"36"
"20260904";"04-09-2026";"2026";"T3";"9";"septembre";"4";"vendredi";"36"
"20260905";"05-09-2026";"2026";"T3";"9";"septembre";"5";"samedi";"36"
"20260906";"06-09-2026";"2026";"T3";"9";"septembre";"6";"dimanche";"36"
"20260907";"07-09-2026";"2026";"T3";"9";"septembre";"7";"lundi";"37"
"20260908";"08-09-2026";"2026";"T3";"9";"septembre";"8";"mardi";"37"
"20260909";"09-09-2026";"2026";"T3";"9";"septembre";"9";"mercredi";"37"
"20260910";"10-09-2026";"2026";"T3";"9";"septembre";"10";"jeudi";"37"
"20260911";"11-09-2026";"2026";"T3";"9";"septembre";"11";"vendredi";"37"
"20260912";"12-09-2026";"2026";"T3";"9";"septembre";"12";"samedi";"37"
"20260913";"13-09-2026";"2026";"T3";"9";"septembre";"13";"dimanche";"37"
"20260914";"14-09-2026";"2026";"T3";"9";"septembre";"14";"lundi";"38"
"20260915";"15-09-2026";"2026";"T3";"9";"septembre";"15";"mardi";"38"
"20260916";"16-09-2026";"2026";"T3";"9";"septembre";"16";"mercredi";"38"
"20260917";"17-09-2026";"2026";"T3";"9";"septembre";"17";"jeudi";"38"
"20260918";"18-09-2026";"2026";"T3";"9";"septembre";"18";"vendredi";"38"
"20260919";"19-09-2026";"2026";"T3";"9";"septembre";"19";"samedi";"38"
"20260920";"20-09-2026";"2026";"T3";"9";"septembre";"20";"dimanche";"38"
"20260921";"21-09-2026";"2026";"T3";"9";"septembre";"21";"lundi";"39"
"20260922";"22-09-2026";"2026";"T3";"9";"septembre";"22";"mardi";"39"
"20260923";"23-09-2026";"2026";"T3";"9";"septembre";"23";"mercredi";"39"
"20260924";"24-09-2026";"2026";"T3";"9";"septembre";"24";"jeudi";"39"
"20260925";"25-09-2026";"2026";"T3";"9";"septembre";"25";"vendredi";"39"
"20260926";"26-09-2026";"2026";"T3";"9";"septembre";"26";"samedi";"39"
"20260927";"27-09-2026";"2026";"T3";"9";"septembre";"27";"dimanche";"39"
"20260928";"28-09-2026";"2026";"T3";"9";"septembre";"28";"lundi";"40"
"20260929";"29-09-2026";"2026";"T3";"9";"septembre";"29";"mardi";"40"
"20260930";"30-09-2026";"2026";"T3";"9";"septembre";"30";"mercredi";"40"
"20261001";"01-10-2026";"2026";"T4";"10";"octobre";"1";"jeudi";"40"
"20261002";"02-10-2026";"2026";"T4";"10";"octobre";"2";"vendredi";"40"
"20261003";"03-10-2026";"2026";"T4";"10";"octobre";"3";"samedi";"40"
"20261004";"04-10-2026";"2026";"T4";"10";"octobre";"4";"dimanche";"40"
"20261005";"05-10-2026";"2026";"T4";"10";"octobre";"5";"lundi";"41"
"20261006";"06-10-2026";"2026";"T4";"10";"octobre";"6";"mardi";"41"
"20261007";"07-10-2026";"2026";"T4";"10";"octobre";"7";"mercredi";"41"
"20261008";"08-10-2026";"2026";"T4";"10";"octobre";"8";"jeudi";"41"
"20261009";"09-10-2026";"2026";"T4";"10";"octobre";"9";"vendredi";"41"
"20261010";"10-10-2026";"2026";"T4";"10";"octobre";"10";"samedi";"41"
"20261011";"11-10-2026";"2026";"T4";"10";"octobre";"11";"dimanche";"41"
"20261012";"12-10-2026";"2026";"T4";"10";"octobre";"12";"lundi";"42"
"20261013";"13-10-2026";"2026";"T4";"10";"octobre";"13";"mardi";"42"
"20261014";"14-10-2026";"2026";"T4";"10";"octobre";"14";"mercredi";"42"
"20261015";"15-10-2026";"2026";"T4";"10";"octobre";"15";"jeudi";"42"
"20261016";"16-10-2026";"2026";"T4";"10";"octobre";"16";"vendredi";"42"
"20261017";"17-10-2026";"2026";"T4";"10";"octobre";"17";"samedi";"42"
"20261018";"18-10-2026";"2026";"T4";"10";"octobre";"18";"dimanche";"42"
"20261019";"19-10-2026";"2026";"T4";"10";"octobre";"19";"lundi";"43"
"20261020";"20-10-2026";"2026";"T4";"10";"octobre";"20";"mardi";"43"
"20261021";"21-10-2026";"2026";"T4";"10";"octobre";"21";"mercredi";"43"
"20261022";"22-10-2026";"2026";"T4";"10";"octobre";"22";"jeudi";"43"
"20261023";"23-10-2026";"2026";"T4";"10";"octobre";"23";"vendredi";"43"
"20261024";"24-10-2026";"2026";"T4";"10";"octobre";"24";"samedi";"43"
"20261025";"25-10-2026";"2026";"T4";"10";"octobre";"25";"dimanche";"43"
"20261026";"26-10-2026";"2026";"T4";"10";"octobre";"26";"lundi";"44"
"20261027";"27-10-2026";"2026";"T4";"10";"octobre";"27";"mardi";"44"
"20261028";"28-10-2026";"2026";"T4";"10";"octobre";"28";"mercredi";"44"
"20261029";"29-10-2026";"2026";"T4";"10";"octobre";"29";"jeudi";"44"
"20261030";"30-10-2026";"2026";"T4";"10";"octobre";"30";"vendredi";"44"
"20261031";"31-10-2026";"2026";"T4";"10";"octobre";"31";"samedi";"44"
"20261101";"01-11-2026";"2026";"T4";"11";"novembre";"1";"dimanche";"44"
"20261102";"02-11-2026";"2026";"T4";"11";"novembre";"2";"lundi";"45"
"20261103";"03-11-2026";"2026";"T4";"11";"novembre";"3";"mardi";"45"
"20261104";"04-11-2026";"2026";"T4";"11";"novembre";"4";"mercredi";"45"
"20261105";"05-11-2026";"2026";"T4";"11";"novembre";"5";"jeudi";"45"
"20261106";"06-11-2026";"2026";"T4";"11";"novembre";"6";"vendredi";"45"
"20261107";"07-11-2026";"2026";"T4";"11";"novembre";"7";"samedi";"45"
"20261108";"08-11-2026";"2026";"T4";"11";"novembre";"8";"dimanche";"45"
"20261109";"09-11-2026";"2026";"T4";"11";"novembre";"9";"lundi";"46"
"20261110";"10-11-2026";"2026";"T4";"11";"novembre";"10";"mardi";"46"
"20261111";"11-11-2026";"2026";"T4";"11";"novembre";"11";"mercredi";"46"
"20261112";"12-11-2026";"2026";"T4";"11";"novembre";"12";"jeudi";"46"
"20261113";"13-11-2026";"2026";"T4";"11";"novembre";"13";"vendredi";"46"
"20261114";"14-11-2026";"2026";"T4";"11";"novembre";"14";"samedi";"46"
"20261115";"15-11-2026";"2026";"T4";"11";"novembre";"15";"dimanche";"46"
"20261116";"16-11-2026";"2026";"T4";"11";"novembre";"16";"lundi";"47"
"20261117";"17-11-2026";"2026";"T4";"11";"novembre";"17";"mardi";"47"
"20261118";"18-11-2026";"2026";"T4";"11";"novembre";"18";"mercredi";"47"
"20261119";"19-11-2026";"2026";"T4";"11";"novembre";"19";"jeudi";"47"
"20261120";"20-11-2026";"2026";"T4";"11";"novembre";"20";"vendredi";"47"
"20261121";"21-11-2026";"2026";"T4";"11";"novembre";"21";"samedi";"47"
"20261122";"22-11-2026";"2026";"T4";"11";"novembre";"22";"dimanche";"47"
"20261123";"23-11-2026";"2026";"T4";"11";"novembre";"23";"lundi";"48"
"20261124";"24-11-2026";"2026";"T4";"11";"novembre";"24";"mardi";"48"
"20261125";"25-11-2026";"2026";"T4";"11";"novembre";"25";"mercredi";"48"
"20261126";"26-11-2026";"2026";"T4";"11";"novembre";"26";"jeudi";"48"
"20261127";"27-11-2026";"2026";"T4";"11";"novembre";"27";"vendredi";"48"
"20261128";"28-11-2026";"2026";"T4";"11";"novembre";"28";"samedi";"48"
"20261129";"29-11-2026";"2026";"T4";"11";"novembre";"29";"dimanche";"48"
"20261130";"30-11-2026";"2026";"T4";"11";"novembre";"30";"lundi";"49"
"20261201";"01-12-2026";"2026";"T4";"12";"décembre";"1";"mardi";"49"
"20261202";"02-12-2026";"2026";"T4";"12";"décembre";"2";"mercredi";"49"
"20261203";"03-12-2026";"2026";"T4";"12";"décembre";"3";"jeudi";"49"
"20261204";"04-12-2026";"2026";"T4";"12";"décembre";"4";"vendredi";"49"
"20261205";"05-12-2026";"2026";"T4";"12";"décembre";"5";"samedi";"49"
"20261206";"06-12-2026";"2026";"T4";"12";"décembre";"6";"dimanche";"49"
"20261207";"07-12-2026";"2026";"T4";"12";"décembre";"7";"lundi";"50"
"20261208";"08-12-2026";"2026";"T4";"12";"décembre";"8";"mardi";"50"
"20261209";"09-12-2026";"2026";"T4";"12";"décembre";"9";"mercredi";"50"
"20261210";"10-12-2026";"2026";"T4";"12";"décembre";"10";"jeudi";"50"
"20261211";"11-12-2026";"2026";"T4";"12";"décembre";"11";"vendredi";"50"
"20261212";"12-12-2026";"2026";"T4";"12";"décembre";"12";"samedi";"50"
"20261213";"13-12-2026";"2026";"T4";"12";"décembre";"13";"dimanche";"50"
"20261214";"14-12-2026";"2026";"T4";"12";"décembre";"14";"lundi";"51"
"20261215";"15-12-2026";"2026";"T4";"12";"décembre";"15";"mardi";"51"
"20261216";"16-12-2026";"2026";"T4";"12";"décembre";"16";"mercredi";"51"
"20261217";"17-12-2026";"2026";"T4";"12";"décembre";"17";"jeudi";"51"
"20261218";"18-12-2026";"2026";"T4";"12";"décembre";"18";"vendredi";"51"
"20261219";"19-12-2026";"2026";"T4";"12";"décembre";"19";"samedi";"51"
"20261220";"20-12-2026";"2026";"T4";"12";"décembre";"20";"dimanche";"51"
"20261221";"21-12-2026";"2026";"T4";"12";"décembre";"21";"lundi";"52"
"20261222";"22-12-2026";"2026";"T4";"12";"décembre";"22";"mardi";"52"
"20261223";"23-12-2026";"2026";"T4";"12";"décembre";"23";"mercredi";"52"
"20261224";"24-12-2026";"2026";"T4";"12";"décembre";"24";"jeudi";"52"
"20261225";"25-12-2026";"2026";"T4";"12";"décembre";"25";"vendredi";"52"
"20261226";"26-12-2026";"2026";"T4";"12";"décembre";"26";"samedi";"52"
"20261227";"27-12-2026";"2026";"T4";"12";"décembre";"27";"dimanche";"52"
"20261228";"28-12-2026";"2026";"T4";"12";"décembre";"28";"lundi";"53"
"20261229";"29-12-2026";"2026";"T4";"12";"décembre";"29";"mardi";"53"
"20261230";"30-12-2026";"2026";"T4";"12";"décembre";"30";"mercredi";"53"
"20261231";"31-12-2026";"2026";"T4";"12";"décembre";"31";"jeudi";"53"
