"CustNo";"CliLbl";"TypCli";"Ville";"Secteur";"Dt1erAchat"
"C0001";"Claire BERNARD";"Particulier";"Montpellier";"Sud-Ouest";"20-02-2020"
"C0002";"Ste DUBOIS";"Entreprise";"Pau";"Nord-Est";"10-05-2021"
"C0003";"Ville de Paris";"Collectivité";"Paris";"Nord-Ouest";"03-03-2022"
"C0004";"Léa RICHARD";"Particulier";"Nancy";"Nord-Ouest";"30-10-2020"
"C0005";"Club sportif Nantes";"Club";"Nantes";"Nord-Est";"21-06-2019"
"C0006";"Club sportif Chamonix";"Club";"Chamonix";"Nord-Ouest";"27-07-2020"
"C0007";"Julien LEFEBVRE";"Particulier";"Paris";"Sud-Est";"29-11-2020"
"C0008";"Club sportif Nantes";"Club";"Nantes";"Sud-Est";"29-04-2021"
"C0009";"Ville de Rouen";"Collectivité";"Rouen";"Sud-Est";"14-05-2020"
"C0010";"Émilie DAVID";"Particulier";"Bordeaux";"Nord-Ouest";"21-12-2020"
"C0011";"Lucas BERTRAND";"Particulier";"Strasbourg";"Sud-Ouest";"01-03-2021"
"C0012";"Chloé ROUX";"Particulier";"Clermont-Ferrand";"Sud-Est";"26-06-2019"
"C0013";"Maxime SIMON";"Particulier";"Pau";"Nord-Est";"21-02-2019"
"C0014";"Manon MICHEL";"Particulier";"Nancy";"Sud-Ouest";"07-09-2020"
"C0015";"Hugo LEROY";"Particulier";"Dijon";"Nord-Est";"03-11-2023"
"C0016";"Julie MARTIN";"Particulier";"Limoges";"Sud-Est";"28-04-2022"
"C0017";"Pierre BERNARD";"Particulier";"Paris";"Sud-Est";"22-03-2022"
"C0018";"Laura DUBOIS";"Particulier";"Paris";"Nord-Est";"09-10-2021"
"C0019";"Rémi ROBERT";"Particulier";"Bayonne";"Sud-Ouest";"09-10-2020"
"C0020";"Jean RICHARD";"Particulier";"Bayonne";"Nord-Est";"06-07-2021"
"C0021";"Claire PETIT";"Particulier";"Reims";"Nord-Est";"14-11-2023"
"C0022";"Marie DURAND";"Particulier";"Rouen";"Nord-Ouest";"05-05-2019"
"C0023";"Club sportif Nantes";"Club";"Nantes";"Nord-Est";"02-09-2022"
"C0024";"Léa MOREAU";"Particulier";"Bordeaux";"Nord-Ouest";"23-03-2021"
"C0025";"Club sportif Nice";"Club";"Nice";"Nord-Est";"21-06-2020"
"C0026";"Ste DAVID";"Entreprise";"Marseille";"Sud-Ouest";"05-12-2020"
"C0027";"Club sportif Montpellier";"Club";"Montpellier";"Sud-Ouest";"30-12-2020"
"C0028";"Ville de Strasbourg";"Collectivité";"Strasbourg";"Nord-Ouest";"29-03-2021"
"C0029";"Antoine SIMON";"Particulier";"Tours";"Sud-Est";"08-07-2021"
"C0030";"Émilie MICHEL";"Particulier";"Limoges";"Île-de-France";"07-03-2022"
"C0031";"Lucas LEROY";"Particulier";"Reims";"Sud-Ouest";"26-09-2023"
"C0032";"Ste MARTIN";"Entreprise";"Nantes";"Île-de-France";"09-02-2023"
"C0033";"Maxime BERNARD";"Particulier";"Montpellier";"Sud-Est";"27-09-2023"
"C0034";"Manon DUBOIS";"Particulier";"Pau";"Sud-Est";"29-03-2019"
"C0035";"Club sportif Rouen";"Club";"Rouen";"Nord-Ouest";"14-10-2022"
"C0036";"Club sportif Nancy";"Club";"Nancy";"Nord-Est";"27-10-2020"
"C0037";"Pierre PETIT";"Particulier";"Reims";"Nord-Ouest";"07-12-2020"
"C0038";"Laura DURAND";"Particulier";"Bayonne";"Sud-Est";"06-01-2019"
"C0039";"Club sportif Clermont-Ferrand";"Club";"Clermont-Ferrand";"Sud-Est";"05-04-2020"
"C0040";"Jean MOREAU";"Particulier";"Nancy";"Île-de-France";"16-01-2021"
"C0041";"Claire GARCIA";"Particulier";"Lyon";"Sud-Ouest";"07-06-2021"
"C0042";"Club sportif Bordeaux";"Club";"Bordeaux";"Sud-Ouest";"11-05-2022"
"C0043";"Thomas BERTRAND";"Particulier";"Limoges";"Sud-Est";"09-01-2019"
"C0044";"Léa ROUX";"Particulier";"Rouen";"Sud-Ouest";"20-09-2022"
"C0045";"Nicolas SIMON";"Particulier";"Montpellier";"Sud-Ouest";"14-08-2020"
"C0046";"Sophie MICHEL";"Particulier";"Lyon";"Nord-Ouest";"24-07-2022"
"C0047";"Club sportif Reims";"Club";"Reims";"Nord-Est";"19-08-2019"
"C0048";"Camille MARTIN";"Particulier";"Lille";"Sud-Est";"22-04-2023"
"C0049";"Antoine BERNARD";"Particulier";"Pau";"Sud-Est";"28-11-2021"
"C0050";"Ville de Reims";"Collectivité";"Reims";"Île-de-France";"10-02-2023"
"C0051";"Club sportif Reims";"Club";"Reims";"Nord-Ouest";"27-08-2022"
"C0052";"Chloé RICHARD";"Particulier";"Bayonne";"Île-de-France";"24-07-2019"
"C0053";"Maxime PETIT";"Particulier";"Paris";"Sud-Est";"27-03-2023"
"C0054";"Manon DURAND";"Particulier";"Marseille";"Nord-Ouest";"07-08-2023"
"C0055";"Club sportif Nice";"Club";"Nice";"Sud-Est";"28-01-2020"
"C0056";"Julie MOREAU";"Particulier";"Tours";"Île-de-France";"07-04-2022"
"C0057";"Pierre GARCIA";"Particulier";"Nancy";"Sud-Ouest";"13-04-2022"
"C0058";"Ste DAVID";"Entreprise";"Rennes";"Sud-Est";"14-06-2023"
"C0059";"Ste BERTRAND";"Entreprise";"Annecy";"Île-de-France";"21-05-2021"
"C0060";"Club sportif Reims";"Club";"Reims";"Sud-Est";"06-09-2023"
"C0061";"Claire SIMON";"Particulier";"Grenoble";"Île-de-France";"14-02-2020"
"C0062";"Marie MICHEL";"Particulier";"Nancy";"Sud-Ouest";"12-03-2019"
"C0063";"Thomas LEROY";"Particulier";"Pau";"Sud-Ouest";"07-12-2022"
"C0064";"Club sportif Nantes";"Club";"Nantes";"Sud-Est";"23-06-2019"
"C0065";"Nicolas BERNARD";"Particulier";"Tours";"Sud-Est";"08-10-2019"
"C0066";"Ville de Metz";"Collectivité";"Metz";"Nord-Ouest";"21-02-2020"
"C0067";"Julien ROBERT";"Particulier";"Metz";"Sud-Ouest";"09-01-2019"
"C0068";"Camille RICHARD";"Particulier";"Metz";"Nord-Est";"07-10-2019"
"C0069";"Antoine PETIT";"Particulier";"Metz";"Nord-Est";"18-01-2019"
"C0070";"Émilie DURAND";"Particulier";"Nantes";"Nord-Est";"15-07-2019"
"C0071";"Lucas LEFEBVRE";"Particulier";"Bayonne";"Nord-Est";"10-06-2019"
"C0072";"Chloé MOREAU";"Particulier";"Chamonix";"Nord-Est";"24-01-2022"
"C0073";"Maxime GARCIA";"Particulier";"Strasbourg";"Île-de-France";"21-04-2019"
"C0074";"Ste DAVID";"Entreprise";"Clermont-Ferrand";"Sud-Ouest";"28-03-2020"
"C0075";"Ste BERTRAND";"Entreprise";"Nantes";"Nord-Est";"07-12-2022"
"C0076";"Ville de Pau";"Collectivité";"Pau";"Île-de-France";"07-02-2022"
"C0077";"Pierre SIMON";"Particulier";"Rouen";"Nord-Ouest";"10-12-2023"
"C0078";"Laura MICHEL";"Particulier";"Limoges";"Sud-Ouest";"03-10-2022"
"C0079";"Rémi LEROY";"Particulier";"Reims";"Nord-Est";"23-11-2019"
"C0080";"Jean MARTIN";"Particulier";"Lyon";"Sud-Est";"22-11-2019"
"C0081";"Club sportif Nantes";"Club";"Nantes";"Sud-Est";"09-10-2019"
"C0082";"Marie DUBOIS";"Particulier";"Lyon";"Nord-Ouest";"24-12-2023"
"C0083";"Ste ROBERT";"Entreprise";"Metz";"Nord-Est";"03-02-2023"
"C0084";"Léa RICHARD";"Particulier";"Toulouse";"Nord-Est";"22-03-2020"
"C0085";"Nicolas PETIT";"Particulier";"Dijon";"Île-de-France";"31-05-2023"
"C0086";"Club sportif Grenoble";"Club";"Grenoble";"Île-de-France";"25-10-2021"
"C0087";"Julien LEFEBVRE";"Particulier";"Tours";"Nord-Ouest";"27-04-2020"
"C0088";"Camille MOREAU";"Particulier";"Pau";"Île-de-France";"11-10-2022"
"C0089";"Antoine GARCIA";"Particulier";"Nancy";"Sud-Ouest";"08-05-2022"
"C0090";"Émilie DAVID";"Particulier";"Bordeaux";"Nord-Est";"20-09-2021"
"C0091";"Lucas BERTRAND";"Particulier";"Bordeaux";"Nord-Est";"21-09-2020"
"C0092";"Chloé ROUX";"Particulier";"Marseille";"Île-de-France";"15-04-2021"
"C0093";"Maxime SIMON";"Particulier";"Metz";"Sud-Ouest";"13-09-2019"
"C0094";"Manon MICHEL";"Particulier";"Pau";"Île-de-France";"26-08-2022"
"C0095";"Ste LEROY";"Entreprise";"Marseille";"Sud-Est";"21-11-2022"
"C0096";"Club sportif Annecy";"Club";"Annecy";"Île-de-France";"20-04-2019"
"C0097";"Pierre BERNARD";"Particulier";"Lille";"Nord-Est";"18-09-2020"
"C0098";"Laura DUBOIS";"Particulier";"Montpellier";"Nord-Est";"29-04-2019"
"C0099";"Rémi ROBERT";"Particulier";"Nancy";"Île-de-France";"06-03-2021"
"C0100";"Ste RICHARD";"Entreprise";"Grenoble";"Sud-Ouest";"05-10-2020"
"C0101";"Claire PETIT";"Particulier";"Paris";"Sud-Est";"27-11-2021"
"C0102";"Ville de Strasbourg";"Collectivité";"Strasbourg";"Nord-Est";"15-02-2023"
"C0103";"Thomas LEFEBVRE";"Particulier";"Bordeaux";"Sud-Est";"17-10-2023"
"C0104";"Léa MOREAU";"Particulier";"Lille";"Sud-Ouest";"12-12-2020"
"C0105";"Club sportif Grenoble";"Club";"Grenoble";"Nord-Est";"15-01-2020"
"C0106";"Ville de Nice";"Collectivité";"Nice";"Nord-Ouest";"23-02-2019"
"C0107";"Club sportif Bayonne";"Club";"Bayonne";"Sud-Est";"10-12-2022"
"C0108";"Camille ROUX";"Particulier";"Annecy";"Sud-Est";"03-03-2023"
"C0109";"Antoine SIMON";"Particulier";"Nantes";"Sud-Est";"11-01-2023"
"C0110";"Émilie MICHEL";"Particulier";"Chamonix";"Nord-Est";"28-05-2023"
"C0111";"Lucas LEROY";"Particulier";"Rennes";"Sud-Ouest";"18-11-2023"
"C0112";"Chloé MARTIN";"Particulier";"Nice";"Île-de-France";"19-11-2023"
"C0113";"Maxime BERNARD";"Particulier";"Lyon";"Sud-Est";"19-05-2023"
"C0114";"Manon DUBOIS";"Particulier";"Bayonne";"Île-de-France";"22-11-2023"
"C0115";"Hugo ROBERT";"Particulier";"Limoges";"Sud-Ouest";"26-12-2019"
"C0116";"Julie RICHARD";"Particulier";"Bordeaux";"Île-de-France";"07-12-2020"
"C0117";"Pierre PETIT";"Particulier";"Paris";"Sud-Est";"15-07-2020"
"C0118";"Club sportif Annecy";"Club";"Annecy";"Nord-Est";"06-08-2022"
"C0119";"Ville de Marseille";"Collectivité";"Marseille";"Sud-Ouest";"06-12-2021"
"C0120";"Jean MOREAU";"Particulier";"Toulouse";"Nord-Ouest";"25-08-2021"
"C0121";"Claire GARCIA";"Particulier";"Bayonne";"Sud-Est";"20-01-2020"
"C0122";"Marie DAVID";"Particulier";"Nancy";"Sud-Ouest";"20-01-2021"
"C0123";"Ste BERTRAND";"Entreprise";"Rouen";"Nord-Est";"04-06-2021"
"C0124";"Léa ROUX";"Particulier";"Nancy";"Nord-Ouest";"05-02-2019"
"C0125";"Ste SIMON";"Entreprise";"Clermont-Ferrand";"Île-de-France";"29-09-2022"
"C0126";"Sophie MICHEL";"Particulier";"Marseille";"Nord-Ouest";"01-05-2019"
"C0127";"Ste LEROY";"Entreprise";"Annecy";"Sud-Ouest";"15-04-2023"
"C0128";"Ste MARTIN";"Entreprise";"Pau";"Sud-Est";"05-04-2021"
"C0129";"Antoine BERNARD";"Particulier";"Rennes";"Sud-Ouest";"27-04-2023"
"C0130";"Émilie DUBOIS";"Particulier";"Nantes";"Nord-Est";"16-10-2021"
"C0131";"Lucas ROBERT";"Particulier";"Rennes";"Île-de-France";"13-08-2019"
"C0132";"Ste RICHARD";"Entreprise";"Tours";"Sud-Est";"24-05-2019"
"C0133";"Ste PETIT";"Entreprise";"Nancy";"Sud-Est";"02-08-2022"
"C0134";"Club sportif Reims";"Club";"Reims";"Nord-Est";"28-11-2019"
"C0135";"Hugo LEFEBVRE";"Particulier";"Rouen";"Nord-Ouest";"20-06-2020"
"C0136";"Julie MOREAU";"Particulier";"Paris";"Île-de-France";"16-06-2019"
"C0137";"Ste GARCIA";"Entreprise";"Rouen";"Nord-Est";"08-11-2022"
"C0138";"Laura DAVID";"Particulier";"Rennes";"Île-de-France";"29-09-2021"
"C0139";"Rémi BERTRAND";"Particulier";"Paris";"Sud-Est";"10-02-2019"
"C0140";"Club sportif Lyon";"Club";"Lyon";"Nord-Est";"28-04-2020"
"C0141";"Claire SIMON";"Particulier";"Pau";"Sud-Ouest";"28-11-2023"
"C0142";"Marie MICHEL";"Particulier";"Annecy";"Sud-Est";"18-01-2023"
"C0143";"Thomas LEROY";"Particulier";"Tours";"Nord-Ouest";"17-08-2023"
"C0144";"Léa MARTIN";"Particulier";"Bayonne";"Île-de-France";"01-11-2019"
"C0145";"Club sportif Nantes";"Club";"Nantes";"Nord-Ouest";"26-03-2020"
"C0146";"Sophie DUBOIS";"Particulier";"Metz";"Nord-Est";"04-11-2021"
"C0147";"Julien ROBERT";"Particulier";"Nice";"Nord-Ouest";"17-12-2022"
"C0148";"Ville de Lyon";"Collectivité";"Lyon";"Île-de-France";"26-06-2021"
"C0149";"Antoine PETIT";"Particulier";"Annecy";"Sud-Ouest";"03-12-2019"
"C0150";"Émilie DURAND";"Particulier";"Dijon";"Nord-Est";"21-07-2023"
"C0151";"Ste LEFEBVRE";"Entreprise";"Bordeaux";"Île-de-France";"21-08-2020"
"C0152";"Chloé MOREAU";"Particulier";"Clermont-Ferrand";"Île-de-France";"25-04-2022"
"C0153";"Maxime GARCIA";"Particulier";"Montpellier";"Nord-Est";"23-02-2021"
"C0154";"Ste DAVID";"Entreprise";"Paris";"Sud-Est";"03-11-2021"
"C0155";"Club sportif Rennes";"Club";"Rennes";"Île-de-France";"20-06-2023"
"C0156";"Club sportif Paris";"Club";"Paris";"Sud-Ouest";"21-06-2019"
"C0157";"Pierre SIMON";"Particulier";"Bayonne";"Île-de-France";"20-02-2019"
"C0158";"Ste MICHEL";"Entreprise";"Rennes";"Nord-Est";"19-04-2020"
"C0159";"Rémi LEROY";"Particulier";"Nantes";"Nord-Ouest";"07-08-2020"
"C0160";"Jean MARTIN";"Particulier";"Limoges";"Île-de-France";"28-07-2023"
"C0161";"Claire BERNARD";"Particulier";"Reims";"Nord-Ouest";"16-07-2021"
"C0162";"Ste DUBOIS";"Entreprise";"Annecy";"Sud-Est";"31-10-2021"
"C0163";"Thomas ROBERT";"Particulier";"Nantes";"Île-de-France";"21-05-2022"
"C0164";"Léa RICHARD";"Particulier";"Lyon";"Nord-Est";"13-02-2019"
"C0165";"Nicolas PETIT";"Particulier";"Montpellier";"Nord-Est";"24-06-2020"
"C0166";"Sophie DURAND";"Particulier";"Montpellier";"Sud-Est";"28-02-2019"
"C0167";"Julien LEFEBVRE";"Particulier";"Paris";"Nord-Est";"11-12-2021"
"C0168";"Camille MOREAU";"Particulier";"Rennes";"Nord-Ouest";"08-03-2019"
"C0169";"Ste GARCIA";"Entreprise";"Rouen";"Nord-Ouest";"14-09-2019"
"C0170";"Émilie DAVID";"Particulier";"Rennes";"Nord-Est";"12-03-2020"
"C0171";"Lucas BERTRAND";"Particulier";"Metz";"Sud-Est";"17-11-2021"
"C0172";"Ste ROUX";"Entreprise";"Strasbourg";"Nord-Ouest";"29-11-2019"
"C0173";"Maxime SIMON";"Particulier";"Bordeaux";"Sud-Ouest";"31-12-2022"
"C0174";"Manon MICHEL";"Particulier";"Nice";"Sud-Ouest";"23-11-2019"
"C0175";"Club sportif Rennes";"Club";"Rennes";"Nord-Est";"22-11-2023"
"C0176";"Ste MARTIN";"Entreprise";"Annecy";"Sud-Ouest";"26-11-2023"
"C0177";"Pierre BERNARD";"Particulier";"Lille";"Sud-Ouest";"05-12-2020"
"C0178";"Ste DUBOIS";"Entreprise";"Annecy";"Île-de-France";"21-06-2019"
"C0179";"Rémi ROBERT";"Particulier";"Metz";"Nord-Est";"07-01-2020"
"C0180";"Club sportif Nice";"Club";"Nice";"Nord-Est";"04-05-2023"
"C0181";"Claire PETIT";"Particulier";"Paris";"Île-de-France";"01-09-2020"
"C0182";"Marie DURAND";"Particulier";"Montpellier";"Nord-Ouest";"20-05-2022"
"C0183";"Club sportif Grenoble";"Club";"Grenoble";"Nord-Ouest";"23-10-2019"
"C0184";"Léa MOREAU";"Particulier";"Nice";"Nord-Ouest";"19-09-2019"
"C0185";"Ste GARCIA";"Entreprise";"Limoges";"Île-de-France";"29-10-2021"
"C0186";"Sophie DAVID";"Particulier";"Metz";"Nord-Ouest";"29-06-2019"
"C0187";"Club sportif Pau";"Club";"Pau";"Île-de-France";"30-01-2023"
"C0188";"Camille ROUX";"Particulier";"Rouen";"Nord-Ouest";"31-03-2022"
"C0189";"Antoine SIMON";"Particulier";"Nantes";"Nord-Ouest";"29-08-2023"
"C0190";"Émilie MICHEL";"Particulier";"Reims";"Île-de-France";"21-08-2021"
"C0191";"Ville de Marseille";"Collectivité";"Marseille";"Île-de-France";"21-03-2023"
"C0192";"Club sportif Rennes";"Club";"Rennes";"Sud-Ouest";"19-06-2019"
"C0193";"Maxime BERNARD";"Particulier";"Chamonix";"Nord-Ouest";"29-05-2019"
"C0194";"Manon DUBOIS";"Particulier";"Clermont-Ferrand";"Nord-Ouest";"12-03-2023"
"C0195";"Hugo ROBERT";"Particulier";"Rennes";"Île-de-France";"27-04-2022"
"C0196";"Ville de Dijon";"Collectivité";"Dijon";"Sud-Est";"24-10-2019"
"C0197";"Pierre PETIT";"Particulier";"Rouen";"Sud-Ouest";"08-03-2023"
"C0198";"Ste DURAND";"Entreprise";"Strasbourg";"Île-de-France";"05-07-2020"
"C0199";"Rémi LEFEBVRE";"Particulier";"Annecy";"Île-de-France";"28-07-2021"
"C0200";"Jean MOREAU";"Particulier";"Strasbourg";"Nord-Ouest";"19-03-2021"
"C0201";"Ste GARCIA";"Entreprise";"Lille";"Nord-Ouest";"28-05-2019"
"C0202";"Marie DAVID";"Particulier";"Nantes";"Nord-Est";"17-10-2022"
"C0203";"Thomas BERTRAND";"Particulier";"Strasbourg";"Nord-Ouest";"25-12-2019"
"C0204";"Léa ROUX";"Particulier";"Metz";"Île-de-France";"01-03-2021"
"C0205";"Nicolas SIMON";"Particulier";"Strasbourg";"Nord-Est";"11-05-2019"
"C0206";"Sophie MICHEL";"Particulier";"Lyon";"Nord-Est";"06-04-2019"
"C0207";"Julien LEROY";"Particulier";"Chamonix";"Sud-Ouest";"23-01-2022"
"C0208";"Ville de Tours";"Collectivité";"Tours";"Île-de-France";"21-01-2020"
"C0209";"Ville de Lyon";"Collectivité";"Lyon";"Sud-Ouest";"13-11-2021"
"C0210";"Émilie DUBOIS";"Particulier";"Clermont-Ferrand";"Sud-Ouest";"21-10-2020"
"C0211";"Lucas ROBERT";"Particulier";"Lyon";"Sud-Est";"10-05-2021"
"C0212";"Chloé RICHARD";"Particulier";"Lille";"Nord-Ouest";"09-09-2020"
"C0213";"Maxime PETIT";"Particulier";"Marseille";"Sud-Ouest";"11-03-2023"
"C0214";"Manon DURAND";"Particulier";"Nantes";"Sud-Ouest";"28-09-2022"
"C0215";"Hugo LEFEBVRE";"Particulier";"Bordeaux";"Sud-Est";"08-11-2020"
"C0216";"Julie MOREAU";"Particulier";"Lille";"Sud-Ouest";"08-12-2020"
"C0217";"Ste GARCIA";"Entreprise";"Grenoble";"Nord-Ouest";"10-10-2023"
"C0218";"Laura DAVID";"Particulier";"Chamonix";"Nord-Ouest";"09-12-2023"
"C0219";"Rémi BERTRAND";"Particulier";"Pau";"Île-de-France";"22-08-2020"
"C0220";"Jean ROUX";"Particulier";"Tours";"Sud-Ouest";"04-02-2019"
