"ProdID";"PrdLbl";"CatCd";"CatLbl";"SbCat";"Marque";"PU_TTC";"CstA"
"P0001";"AltiPro Skis de fond M821";"SKI";"Ski";"Skis de fond";"AltiPro";"1055,00";"627,64"
"P0002";"AltiPro Chaussures ski M707";"SKI";"Ski";"Chaussures ski";"AltiPro";"700,00";"352,76"
"P0003";"PeakLine Fixations M782";"SKI";"Ski";"Fixations";"PeakLine";"710,00";"395,33"
"P0004";"PeakLine Skis alpins M474";"SKI";"Ski";"Skis alpins";"PeakLine";"960,00";"561,87"
"P0005";"OraFlex Skis alpins M308";"SKI";"Ski";"Skis alpins";"OraFlex";"325,00";"148,71"
"P0006";"PeakLine Skis de fond M955";"SKI";"Ski";"Skis de fond";"PeakLine";"1075,00";"657,19"
"P0007";"Vertigo Skis alpins M808";"SKI";"Ski";"Skis alpins";"Vertigo";"955,00";"443,15"
"P0008";"NordX Skis alpins M568";"SKI";"Ski";"Skis alpins";"NordX";"495,00";"243,76"
"P0009";"AltiPro Chaussures ski M983";"SKI";"Ski";"Chaussures ski";"AltiPro";"505,00";"297,17"
"P0010";"Vertigo Skis alpins M338";"SKI";"Ski";"Skis alpins";"Vertigo";"955,00";"512,94"
"P0011";"NordX Fixations M239";"SKI";"Ski";"Fixations";"NordX";"1150,00";"671,97"
"P0012";"OraFlex Fixations M939";"SKI";"Ski";"Fixations";"OraFlex";"1010,00";"588,54"
"P0013";"AltiPro Skis alpins M937";"SKI";"Ski";"Skis alpins";"AltiPro";"750,00";"338,18"
"P0014";"OraFlex Skis de fond M551";"SKI";"Ski";"Skis de fond";"OraFlex";"635,00";"333,47"
"P0015";"Vertigo Boots M234";"SNB";"Snowboard";"Boots";"Vertigo";"550,00";"305,75"
"P0016";"OraFlex Planches M538";"SNB";"Snowboard";"Planches";"OraFlex";"385,00";"178,74"
"P0017";"NordX Planches M102";"SNB";"Snowboard";"Planches";"NordX";"450,00";"256,83"
"P0018";"AltiPro Boots M986";"SNB";"Snowboard";"Boots";"AltiPro";"865,00";"441,11"
"P0019";"NordX Planches M994";"SNB";"Snowboard";"Planches";"NordX";"535,00";"307,48"
"P0020";"AltiPro Fixations SB M620";"SNB";"Snowboard";"Fixations SB";"AltiPro";"385,00";"217,97"
"P0021";"PeakLine Planches M788";"SNB";"Snowboard";"Planches";"PeakLine";"410,00";"189,41"
"P0022";"NordX Boots M901";"SNB";"Snowboard";"Boots";"NordX";"430,00";"205,70"
"P0023";"Vertigo Boots M618";"SNB";"Snowboard";"Boots";"Vertigo";"700,00";"404,57"
"P0024";"AltiPro Fixations SB M979";"SNB";"Snowboard";"Fixations SB";"AltiPro";"770,00";"465,89"
"P0025";"OraFlex Bâtons M122";"RAN";"Randonnée";"Bâtons";"OraFlex";"55,00";"32,37"
"P0026";"Vertigo Chaussures rando M898";"RAN";"Randonnée";"Chaussures rando";"Vertigo";"275,00";"137,45"
"P0027";"Vertigo Vêtements rando M266";"RAN";"Randonnée";"Vêtements rando";"Vertigo";"220,00";"106,66"
"P0028";"PeakLine Bâtons M709";"RAN";"Randonnée";"Bâtons";"PeakLine";"130,00";"67,26"
"P0029";"AltiPro Chaussures rando M341";"RAN";"Randonnée";"Chaussures rando";"AltiPro";"285,00";"169,00"
"P0030";"OraFlex Vêtements rando M261";"RAN";"Randonnée";"Vêtements rando";"OraFlex";"265,00";"125,99"
"P0031";"AltiPro Vêtements rando M574";"RAN";"Randonnée";"Vêtements rando";"AltiPro";"150,00";"92,24"
"P0032";"PeakLine Bâtons M998";"RAN";"Randonnée";"Bâtons";"PeakLine";"190,00";"108,18"
"P0033";"NordX Bâtons M379";"RAN";"Randonnée";"Bâtons";"NordX";"50,00";"22,73"
"P0034";"AltiPro Chaussures rando M361";"RAN";"Randonnée";"Chaussures rando";"AltiPro";"200,00";"118,44"
"P0035";"NordX Chaussures rando M272";"RAN";"Randonnée";"Chaussures rando";"NordX";"170,00";"91,98"
"P0036";"PeakLine Chaussures rando M371";"RAN";"Randonnée";"Chaussures rando";"PeakLine";"105,00";"57,91"
"P0037";"AltiPro Chaussures rando M584";"RAN";"Randonnée";"Chaussures rando";"AltiPro";"230,00";"115,95"
"P0038";"OraFlex Vêtements rando M727";"RAN";"Randonnée";"Vêtements rando";"OraFlex";"230,00";"119,32"
"P0039";"PeakLine Casques M680";"VEL";"Cyclisme";"Casques";"PeakLine";"1485,00";"673,51"
"P0040";"OraFlex Casques M779";"VEL";"Cyclisme";"Casques";"OraFlex";"1910,00";"1038,92"
"P0041";"PeakLine Accessoires vélo M783";"VEL";"Cyclisme";"Accessoires vélo";"PeakLine";"2225,00";"1348,70"
"P0042";"OraFlex Vélo de route M385";"VEL";"Cyclisme";"Vélo de route";"OraFlex";"2045,00";"1236,64"
"P0043";"Vertigo Casques M444";"VEL";"Cyclisme";"Casques";"Vertigo";"2230,00";"1198,97"
"P0044";"OraFlex VTT M730";"VEL";"Cyclisme";"VTT";"OraFlex";"1800,00";"1053,21"
"P0045";"NordX Vélo de route M734";"VEL";"Cyclisme";"Vélo de route";"NordX";"325,00";"149,19"
"P0046";"PeakLine Vélo de route M489";"VEL";"Cyclisme";"Vélo de route";"PeakLine";"1035,00";"615,36"
"P0047";"OraFlex Vélo de route M472";"VEL";"Cyclisme";"Vélo de route";"OraFlex";"1665,00";"1004,07"
"P0048";"Vertigo Casques M751";"VEL";"Cyclisme";"Casques";"Vertigo";"1760,00";"945,76"
"P0049";"NordX Accessoires vélo M826";"VEL";"Cyclisme";"Accessoires vélo";"NordX";"1770,00";"798,07"
"P0050";"Vertigo Vélo de route M937";"VEL";"Cyclisme";"Vélo de route";"Vertigo";"230,00";"115,83"
"P0051";"AltiPro Casquettes M682";"ACC";"Divers";"Casquettes";"AltiPro";"155,00";"77,85"
"P0052";"OraFlex Gants M424";"ACC";"Divers";"Gants";"OraFlex";"135,00";"72,51"
"P0053";"NordX Casquettes M693";"ACC";"Divers";"Casquettes";"NordX";"155,00";"83,01"
"P0054";"OraFlex Entretien M716";"ACC";"Divers";"Entretien";"OraFlex";"160,00";"77,44"
"P0055";"Vertigo Entretien M101";"ACC";"Divers";"Entretien";"Vertigo";"40,00";"19,21"
"P0056";"PeakLine Entretien M673";"ACC";"Divers";"Entretien";"PeakLine";"25,00";"12,15"
"P0057";"OraFlex Lunettes M521";"ACC";"Divers";"Lunettes";"OraFlex";"20,00";"10,89"
"P0058";"Vertigo Lunettes M621";"ACC";"Divers";"Lunettes";"Vertigo";"65,00";"31,31"
"P0059";"OraFlex Casquettes M783";"ACC";"Divers";"Casquettes";"OraFlex";"40,00";"19,23"
"P0060";"OraFlex Gants M835";"ACC";"Divers";"Gants";"OraFlex";"40,00";"20,46"
"P0061";"NordX Gants M757";"ACC";"Divers";"Gants";"NordX";"140,00";"75,47"
"P0062";"AltiPro Gants M590";"ACC";"Divers";"Gants";"AltiPro";"130,00";"66,13"
"P0063";"Vertigo Casquettes M349";"ACC";"Divers";"Casquettes";"Vertigo";"105,00";"58,21"
"P0064";"AltiPro Entretien M377";"ACC";"Divers";"Entretien";"AltiPro";"70,00";"35,86"
