"VndID";"VndLbl";"MagID";"CibleMens"
"V01";"Jean MARTIN";"M01";"42500"
"V02";"Claire MARTIN";"M01";"52000"
"V03";"Marie MARTIN";"M01";"51000"
"V04";"Thomas MARTIN";"M02";"30500"
"V05";"Léa MARTIN";"M02";"29500"
"V06";"Nicolas MARTIN";"M03";"26000"
"V07";"Sophie MARTIN";"M03";"26000"
"V08";"Julien MARTIN";"M04";"37000"
"V09";"Camille MARTIN";"M04";"31500"
"V10";"Antoine MARTIN";"M05";"39000"
"V11";"Émilie MARTIN";"M05";"32500"
"V12";"Lucas MARTIN";"M06";"25500"
"V13";"Chloé MARTIN";"M06";"31000"
"V14";"Maxime MARTIN";"M07";"27000"
"V15";"Manon MARTIN";"M07";"39500"
"V16";"Hugo MARTIN";"M08";"28000"
"V17";"Julie MARTIN";"M08";"33500"
"V18";"Pierre MARTIN";"M09";"32500"
"V19";"Laura MARTIN";"M09";"37500"
"V20";"Rémi MARTIN";"M10";"54500"
"V21";"Jean BERNARD";"M10";"48500"
"V22";"Claire BERNARD";"M10";"44500"
"V23";"Marie BERNARD";"M11";"47000"
"V24";"Thomas BERNARD";"M11";"45500"
"V25";"Léa BERNARD";"M11";"45500"
"V26";"Nicolas BERNARD";"M12";"50500"
"V27";"Sophie BERNARD";"M12";"51500"
"V28";"Julien BERNARD";"M12";"49000"
"V29";"Camille BERNARD";"M13";"54000"
"V30";"Antoine BERNARD";"M13";"43000"
"V31";"Émilie BERNARD";"M13";"40000"
"V32";"Lucas BERNARD";"M14";"35500"
"V33";"Chloé BERNARD";"M14";"39000"
"V34";"Maxime BERNARD";"M15";"54000"
"V35";"Manon BERNARD";"M15";"42500"
"V36";"Hugo BERNARD";"M15";"40500"
"V37";"Julie BERNARD";"M16";"52000"
"V38";"Pierre BERNARD";"M16";"54000"
"V39";"Laura BERNARD";"M16";"43500"
"V40";"Rémi BERNARD";"M17";"54000"
"V41";"Jean DUBOIS";"M17";"51000"
"V42";"Claire DUBOIS";"M17";"43000"
"V43";"Marie DUBOIS";"M18";"32500"
"V44";"Thomas DUBOIS";"M18";"27500"
"V45";"Léa DUBOIS";"M19";"43000"
"V46";"Nicolas DUBOIS";"M19";"44000"
"V47";"Sophie DUBOIS";"M19";"53500"
"V48";"Julien DUBOIS";"M20";"52000"
"V49";"Camille DUBOIS";"M20";"46000"
"V50";"Antoine DUBOIS";"M20";"49000"
"V51";"Émilie DUBOIS";"M21";"27500"
"V52";"Lucas DUBOIS";"M21";"26000"
"V53";"Chloé DUBOIS";"M22";"40000"
"V54";"Maxime DUBOIS";"M22";"33000"
"V55";"Manon DUBOIS";"M23";"27500"
"V56";"Hugo DUBOIS";"M23";"38000"
"V57";"Julie DUBOIS";"M24";"30000"
"V58";"Pierre DUBOIS";"M24";"30000"
"V59";"Laura DUBOIS";"M25";"40000"
"V60";"Rémi DUBOIS";"M25";"34000"
